ID,ShopliftingPrev,ShopliftingFreq,SeriousTheftPrev,SeriousTheftFreq,CrimDamagePrev,CrimDamageFreq,ViolentCrimePrev,ViolentCrimeFreq,TotalCrimePrev,TotalCrimeFreq,PoorSelfControl,PeerCrime,MoralEmotions,Deterrence,NeighInforSocControl,AlcoholPrev,AlcoholFreq,ArrestedPrev,ArrestedFreq,Sex,Ethnicity,NeighbourhoodSD,FamilySD
1,1,1,1,1,1,3,1,4,1,10,18,11,-3.386347555,-4.177735397,4,1,15,1,1,0,1,0.629785465,0.427416431
2,0,0,0,0,0,0,0,0,0,0,9,2,2.534098081,2.945850246,14,1,2,0,0,1,1,0.325757413,0.3157426
3,0,0,0,0,1,20,1,1,1,21,16,4,0.227774029,-0.379083064,9,1,35,0,0,0,1,-0.681188513,-1.597036236
4,1,1,0,0,0,0,0,0,1,1,12,11,-0.770752493,-0.745536192,12,1,25,0,0,0,1,-0.523369414,-1.373688575
5,0,0,1,1,0,0,0,0,1,1,6,14,-2.078550024,-2.935354818,11,0,0,0,0,0,3,-0.989445881,1.621748065
6,1,1,0,0,1,7,1,4,1,16,15,17,-3.077076545,-1.621463642,12,1,52,0,0,1,2,-0.863733771,0.359797107
7,0,0,0,0,1,4,0,0,1,4,18,8,-1.733922268,-1.657218941,6,1,5,0,0,1,1,0.658655685,-0.926993013
8,0,0,0,0,1,1,0,0,1,1,9,9,-4.075603067,-2.023672069,6,0,0,1,1,0,1,0.018172352,1.014974217
9,0,0,0,0,1,1,0,0,1,1,10,5,1.261657297,0.863297515,10,1,12,0,0,0,1,0.251287191,0.650764092
10,0,0,0,0,0,0,0,0,0,0,10,6,1.570928307,1.703469667,9,1,10,0,0,0,1,-1.349112641,0.364146578
11,1,3,1,1,1,6,1,2,1,11,17,10,-3.006363052,-0.307572467,8,1,70,0,0,0,1,-1.601418599,-2.407942162
12,0,0,0,0,0,0,0,0,0,0,9,1,2.534098081,-0.379083064,14,1,3,0,0,0,2,-0.260613549,1.126648525
13,0,0,0,0,0,0,0,0,0,0,7,2,1.880199316,1.30126124,15,0,0,0,0,0,1,-0.829481279,-0.067683109
14,0,0,0,0,1,4,0,0,1,5,11,18,-3.660261817,-0.343327765,9,1,40,0,0,1,1,-0.352708384,0.204068769
15,1,18,0,0,1,15,1,4,1,37,16,11,-2.149263518,0.058880662,14,1,104,1,1,1,1,-1.849159222,0.043990722
16,0,0,0,0,0,0,1,2,1,2,9,7,1.22630055,0.058880662,10,1,30,0,0,1,1,-1.252869072,-1.053532719
17,0,0,0,0,0,0,0,0,0,0,7,3,0.881672794,-1.219255215,8,1,3,0,0,1,1,-0.561118961,-0.655241373
18,0,0,1,2,0,0,1,2,1,2,18,4,0.952386288,-2.971110116,12,0,0,0,0,1,3,0.903284634,0.427416431
19,0,0,0,0,0,0,0,0,0,0,3,6,2.534098081,2.945850246,13,1,12,0,0,1,4,2.22880243,0.155664552
20,0,0,0,0,0,0,0,0,0,0,10,1,-0.08149698,2.105678094,10,1,4,0,0,1,1,1.880735493,0.650764092
21,1,10,0,0,1,5,0,0,1,20,12,14,-3.386347555,-2.023672069,6,1,20,1,2,0,1,0.325757413,0.650764092
22,0,0,0,0,0,0,0,0,0,0,17,6,-1.769279015,-0.709780894,12,1,2,0,0,0,1,-0.310497707,0.427416431
23,0,0,0,0,0,0,0,0,0,0,9,5,2.534098081,2.141433392,11,1,20,0,0,1,1,-1.441742663,-0.543567304
24,0,0,0,0,1,1,1,2,1,3,15,3,-2.352464286,-1.219255215,11,1,22,0,0,0,1,1.095950379,-0.320219642
25,0,0,0,0,0,0,0,0,0,0,5,0,2.534098081,2.945850246,12,0,0,0,0,0,1,1.218173517,0.539090261
26,0,0,0,0,1,3,0,0,1,3,12,9,-0.152210474,-0.78129149,8,1,8,1,1,0,1,0.611621399,0.874111754
27,1,2,0,0,0,0,1,2,1,5,10,12,-2.078550024,-4.141980098,9,1,100,1,1,1,2,0.532417549,1.126648525
28,0,0,0,0,0,0,0,0,0,0,10,1,0.881672794,1.229750644,13,1,2,1,1,1,1,-1.105774815,-0.990262866
29,0,0,0,0,0,0,1,5,1,5,15,6,-3.315634061,-2.095182666,7,1,52,1,2,0,1,0.77133413,0.3157426
30,0,0,0,0,0,0,1,1,1,1,11,2,1.53557156,-0.817046789,12,1,15,0,0,0,1,1.302217132,1.014974217
31,0,0,0,0,0,0,1,5,1,5,15,10,-5.312687104,-0.486348958,12,1,12,1,2,1,1,0.80858539,1.510074234
32,1,2,0,0,0,0,0,0,1,2,11,8,-1.769279015,-0.414838362,10,1,10,0,0,0,1,-0.681188513,-1.038666844
33,0,0,0,0,0,0,0,0,0,0,5,2,0.917029541,0.058880662,16,1,7,0,0,1,1,-0.174654453,-0.990262866
34,1,12,0,0,0,0,1,4,1,16,14,13,-0.496838231,-1.621463642,7,1,26,0,0,0,2,1.798338996,0.92251597
35,0,0,0,0,0,0,0,0,0,0,9,6,1.844842569,0.899052814,11,1,3,0,0,1,1,-1.849159222,-1.373688575
36,0,0,0,0,1,2,1,3,1,5,9,3,1.500214813,1.337016539,11,1,20,0,0,0,1,1.72493035,0.490686283
37,0,0,0,0,0,0,0,0,0,0,0,0,2.534098081,2.945850246,16,0,0,0,0,1,3,0.985551429,0.92251597
38,0,0,0,0,1,2,0,0,1,2,10,17,-0.010783487,1.739224966,10,1,100,0,0,1,1,-1.85020933,-2.407942162
39,0,0,0,0,1,4,1,2,1,6,9,11,-0.461481484,-1.219255215,8,1,100,1,2,1,2,-0.783912107,0.854896647
40,0,0,0,0,0,0,0,0,0,0,7,9,0.192417282,0.42533379,8,1,10,0,0,1,1,0.854067837,0.204068769
41,0,0,0,0,0,0,0,0,0,0,11,5,0.607758532,-1.219255215,12,1,1,0,0,0,1,0.392375768,1.621748065
42,1,4,0,0,0,0,0,0,1,4,11,6,-3.660261817,-3.704016373,10,1,20,1,1,0,1,0.392375768,0.631548509
43,0,0,0,0,0,0,0,0,0,0,9,0,2.189470325,2.069922796,15,0,0,0,0,1,1,-0.829481279,-0.766915204
44,0,0,0,0,1,1,1,1,1,2,17,10,-2.078550024,-0.817046789,16,1,13,1,1,1,1,-0.219135073,0.539090261
45,0,0,0,0,0,0,1,3,1,3,16,11,0.537045038,0.09463596,8,1,52,1,2,1,4,0.532417549,0.063206067
46,0,0,0,0,0,0,0,0,0,0,19,8,-4.04024632,-0.414838362,8,1,52,1,2,0,1,1.141001491,-0.878589035
47,0,0,0,0,0,0,0,0,0,0,6,2,2.189470325,-0.307572467,14,1,3,0,0,1,1,-1.46323973,-1.641090744
48,0,0,0,0,0,0,0,0,0,0,13,0,1.570928307,0.496844387,12,1,2,0,0,0,1,-1.105373722,-1.101936696
49,0,0,0,0,0,0,0,0,0,0,0,0,1.844842569,2.945850246,16,0,0,0,0,0,3,-0.124358208,1.621748065
50,0,0,0,0,0,0,0,0,0,0,9,1,1.500214813,2.945850246,10,1,15,0,0,1,1,-1.075938431,-2.296268331
51,1,5,0,0,0,0,1,2,1,7,12,8,-1.186093743,0.058880662,7,1,52,1,1,1,1,0.400468103,1.014974217
52,0,0,0,0,0,0,1,1,1,1,10,8,0.881672794,-1.621463642,12,1,35,0,0,1,1,-1.272739461,-1.325284358
53,0,0,0,0,0,0,0,0,0,0,1,1,1.22630055,0.058880662,13,0,0,0,0,1,1,-0.843873917,-1.038666844
54,0,0,0,0,0,0,0,0,0,0,11,3,1.844842569,-2.095182666,6,1,5,0,0,1,1,-0.820158776,-0.383489495
55,1,1,1,2,1,1,0,0,1,4,6,5,-1.080023502,-3.337563245,13,1,52,0,0,0,1,0.402754064,0.3157426
56,0,0,0,0,0,0,0,0,0,0,0,1,2.534098081,1.703469667,13,0,0,0,0,1,1,-0.820158776,-0.17935694
57,0,0,0,0,1,1,0,0,1,1,13,2,1.22630055,0.496844387,12,1,15,0,0,1,1,-0.750833188,-1.708710186
58,0,0,0,0,1,1,0,0,1,1,11,7,-1.044666755,-2.497391093,12,1,26,0,0,1,1,-1.243133134,-0.431893473
59,0,0,0,0,0,0,0,0,0,0,16,13,1.915556063,1.337016539,13,0,0,0,0,1,1,-0.510184981,0.427416431
60,0,0,0,0,0,0,0,0,0,0,14,1,1.880199316,1.30126124,14,1,2,0,0,0,1,-1.366066984,-0.383489495
61,0,0,0,0,0,0,1,4,1,4,11,6,-3.350990808,-7.136215578,1,0,0,0,0,0,1,0.892436046,0.92251597
62,0,0,0,0,0,0,0,0,0,0,8,1,2.189470325,-0.745536192,14,1,10,0,0,0,1,-1.792640051,-2.407942162
63,0,0,0,0,0,0,0,0,0,0,14,1,1.844842569,2.945850246,14,0,0,0,0,0,2,0.903284634,-0.451108818
64,0,0,0,0,1,2,1,2,1,4,11,9,-2.458534527,0.461089088,8,1,5,0,0,0,1,-1.352074876,1.621748065
65,0,0,0,0,0,0,0,0,0,0,8,5,-0.355411243,1.265505942,10,1,20,0,0,1,1,-0.913840389,-2.07292055
66,0,0,0,0,0,0,0,0,0,0,5,4,1.880199316,2.141433392,12,1,6,0,0,0,1,-1.554810466,-1.213610527
67,0,0,0,0,0,0,0,0,0,0,11,6,1.570928307,-2.059427367,9,1,8,0,0,1,1,-1.252869072,-1.262014744
68,0,0,0,0,0,0,0,0,0,0,12,6,2.189470325,-0.78129149,12,0,0,0,0,1,3,0.173941899,1.621748065
69,0,0,0,0,0,0,0,0,0,0,12,5,-0.116853727,-0.817046789,10,1,10,0,0,1,1,1.009422854,0.539090261
70,0,0,0,0,0,0,0,0,0,0,12,5,-0.426124737,1.265505942,12,1,25,0,0,0,1,-1.85020933,-0.718510988
71,0,0,0,0,0,0,0,0,0,0,10,0,0.881672794,0.496844387,11,0,0,0,0,0,1,-0.591717491,-1.213610527
72,0,0,0,0,0,0,0,0,0,0,8,3,2.189470325,1.631959071,13,1,2,0,0,0,1,0.402754064,-0.591971282
73,0,0,0,0,0,0,0,0,0,0,7,8,-1.080023502,0.496844387,10,1,2,0,0,0,3,0.7936388,-1.373688575
74,1,10,0,0,1,3,0,0,1,13,9,4,-2.697092042,0.461089088,8,0,0,0,0,0,1,-0.916182232,-0.227761156
75,0,0,0,0,0,0,0,0,0,0,9,2,1.844842569,-0.307572467,11,1,4,0,0,1,1,-1.601418599,-0.990262866
76,0,0,0,0,0,0,0,0,1,5,8,4,0.263130776,-0.343327765,4,1,12,0,0,1,1,0.733739621,0.92251597
77,0,0,0,0,0,0,0,0,0,0,11,0,1.844842569,2.945850246,13,0,0,0,0,0,1,-0.965814294,-0.990262866
78,1,1,0,0,1,1,1,3,1,5,15,11,-1.389294511,-0.307572467,13,1,4,1,1,0,3,0.392375768,0.903300863
79,0,0,0,0,0,0,0,0,0,0,11,0,0.607758532,0.532599685,16,0,0,0,0,1,1,1.009021238,0.427416431
80,0,0,1,17,1,15,1,10,1,32,19,18,-5.312687104,-5.420115975,1,1,100,1,3,0,1,1.548428378,1.126648525
81,0,0,0,0,0,0,0,0,0,0,7,0,2.189470325,0.899052814,15,0,0,0,0,0,1,-1.13071642,0.427416431
82,0,0,0,0,0,0,0,0,0,0,5,1,1.844842569,2.945850246,7,0,0,0,0,1,1,-0.260613549,0.92251597
83,0,0,0,0,1,5,0,0,1,5,12,13,-3.350990808,-2.899599519,8,1,50,0,0,0,1,-0.106461303,0.539090261
84,0,0,0,0,0,0,0,0,0,0,9,2,-0.355411243,-2.095182666,12,1,8,0,0,0,1,0.466732702,0.7624384
85,0,0,0,0,0,0,0,0,0,0,11,2,-1.115380249,-1.621463642,14,0,0,0,0,0,3,-0.194545769,-1.737898938
86,0,0,0,0,0,0,0,0,0,0,17,0,-1.733922268,2.105678094,11,0,0,0,0,0,1,1.445398892,1.145864109
87,0,0,0,0,0,0,0,0,0,0,13,3,-2.971006305,-0.414838362,14,0,0,1,4,0,1,1.445398892,1.145864109
88,0,0,0,0,0,0,1,1,1,1,14,6,-1.733922268,0.899052814,14,1,100,0,0,1,1,0.157327343,-1.912842622
89,0,0,0,0,0,0,0,0,0,0,7,2,1.500214813,2.945850246,12,0,0,0,0,0,2,-1.242539595,-1.373688575
90,0,0,0,0,0,0,0,0,0,0,8,11,2.189470325,1.739224966,9,0,0,0,0,0,1,0.988298439,0.539090261
91,0,0,0,0,1,3,0,0,1,3,15,1,0.192417282,0.461089088,14,1,8,1,2,0,1,0.258692037,0.3157426
92,0,0,0,0,0,0,0,0,0,0,0,0,2.534098081,2.543641819,8,0,0,0,0,0,3,0.016638328,1.621748065
93,0,0,0,0,0,0,0,0,0,0,6,0,1.570928307,0.42533379,14,1,1,0,0,1,1,-0.41492575,-0.291031009
94,0,0,0,0,0,0,0,0,0,0,10,1,0.227774029,0.461089088,14,0,0,0,0,0,1,-0.71207513,0.539090261
95,0,0,0,0,0,0,0,0,0,0,10,4,0.537045038,0.130391258,15,1,3,0,0,0,1,-0.352708384,0.427416431
96,0,0,0,0,0,0,0,0,0,0,10,8,-0.700038999,0.09463596,6,0,0,0,0,0,1,1.009422854,-1.597036236
97,0,0,0,0,0,0,0,0,0,0,4,3,-0.08149698,1.703469667,12,1,2,0,0,1,1,0.312697039,0.427416431
98,0,0,0,0,0,0,1,3,1,3,14,12,-2.043193277,-2.935354818,12,1,20,1,2,0,1,1.678924733,0.699168309
99,0,0,0,0,0,0,0,0,0,0,5,6,1.880199316,-2.059427367,7,1,26,0,0,1,1,-0.820158776,0.568278894
100,0,0,0,0,0,0,0,0,0,0,10,11,1.880199316,0.496844387,12,1,75,0,0,1,1,0.731365969,-0.067683109
101,1,7,1,20,1,5,1,25,1,37,10,3,-2.697092042,0.058880662,13,1,15,0,0,0,1,0.325757413,0.155664552
102,0,0,0,0,1,1,0,0,1,1,13,3,-2.043193277,-2.935354818,10,1,10,0,0,0,1,0.048752941,1.238322356
103,0,0,0,0,0,0,0,0,0,0,2,0,0.8109593,2.141433392,7,0,0,0,0,0,1,1.068663059,-0.320219642
104,1,15,1,10,1,54,1,15,1,99,24,9,-4.278803836,-1.585708344,9,1,60,1,2,0,2,0.325757413,1.126648525
105,0,0,0,0,0,0,0,0,0,0,6,1,2.189470325,-0.379083064,14,1,4,0,0,1,1,-1.73832614,-0.383489495
106,0,0,0,0,0,0,0,0,0,0,9,5,-3.244920567,-0.343327765,8,1,56,0,0,1,1,0.312697039,0.427416431
107,0,0,0,0,0,0,0,0,0,0,14,2,1.500214813,0.934808112,1,1,3,0,0,0,1,-0.750833188,-2.407942162
108,0,0,0,0,0,0,0,0,0,0,3,2,0.263130776,-1.255010514,5,0,0,0,0,0,1,0.192514796,-0.990262866
109,0,0,0,0,0,0,0,0,0,0,6,5,1.500214813,2.945850246,11,1,7,0,0,1,1,-0.965814294,-0.495163326
110,0,0,0,0,0,0,0,0,0,0,9,9,0.8109593,2.945850246,15,0,0,0,0,0,1,0.168605183,1.126648525
111,1,1,0,0,0,0,0,0,1,1,8,7,-1.353937764,-0.012629935,11,1,20,1,1,1,1,0.853551365,0.810842139
112,0,0,0,0,0,0,0,0,0,0,7,1,1.915556063,1.265505942,15,1,7,0,0,1,1,-0.608834542,0.3157426
113,0,0,0,0,1,1,0,0,1,1,8,3,0.192417282,0.934808112,9,1,2,0,0,0,1,0.318673783,-1.038666844
114,0,0,0,0,0,0,0,0,0,0,9,1,1.53557156,-3.337563245,11,0,0,0,0,0,1,-0.481861163,-0.019279131
115,0,0,0,0,0,0,0,0,0,0,10,1,1.500214813,-0.379083064,11,1,2,0,0,0,1,-1.507130945,-1.708710186
116,1,7,0,0,0,0,0,0,1,7,12,7,-2.078550024,-2.166693262,7,1,104,1,1,0,1,-0.352708384,0.587494478
117,0,0,0,0,0,0,0,0,0,0,8,0,2.534098081,2.945850246,16,0,0,0,0,1,3,0.349327778,1.621748065
118,1,2,0,0,0,0,0,0,1,2,13,8,-1.115380249,-1.255010514,8,1,3,0,0,1,1,1.676111474,1.621748065
119,0,0,0,0,1,3,1,1,1,5,15,5,-1.460008005,-1.219255215,8,1,15,0,0,0,1,-1.036483826,-1.373688575
120,1,1,0,0,1,4,1,6,1,13,17,6,-0.770752493,-2.899599519,7,1,6,1,1,0,1,1.695148076,0.379012453
121,1,18,1,11,1,24,1,2,1,53,12,10,-3.660261817,-2.497391093,14,1,31,1,4,0,1,-0.960767264,-1.165206549
122,0,0,0,0,1,2,0,0,1,2,10,3,-1.460008005,0.09463596,8,1,20,1,1,0,2,-1.554810466,-0.606837157
123,0,0,0,0,0,0,0,0,0,0,9,2,-1.044666755,-3.301807946,4,1,5,0,0,0,1,1.648539285,1.238322356
124,0,0,0,0,1,2,0,0,1,3,16,4,0.572401785,-1.692974239,10,1,8,1,1,0,1,-0.476221434,0.631548509
125,0,0,0,0,0,0,0,0,0,0,0,0,2.534098081,2.141433392,12,0,0,0,0,0,2,-1.432359172,-1.485362405
126,0,0,0,0,0,0,1,3,1,3,19,3,0.263130776,0.023125363,8,1,6,0,0,0,3,0.636048217,1.621748065
127,1,5,0,0,1,6,0,0,1,11,11,15,-3.660261817,-3.811282268,7,1,25,0,0,1,1,-0.68605628,-0.766915204
128,0,0,0,0,0,0,0,0,1,1,11,7,-1.080023502,0.058880662,9,1,19,0,0,1,1,-1.401656794,-1.101936696
129,0,0,0,0,0,0,0,0,0,0,16,8,0.952386288,-1.255010514,10,1,26,0,0,1,1,1.218173517,0.043990722
130,0,0,0,0,0,0,1,1,1,1,8,6,-0.046140234,-2.899599519,1,1,3,0,0,1,1,1.061499626,0.631548509
131,1,1,0,0,0,0,0,0,1,1,11,7,0.466331544,-0.012629935,8,1,52,1,1,1,2,2.001843826,1.621748065
132,0,0,0,0,0,0,0,0,0,0,8,4,1.500214813,0.496844387,11,1,1,0,0,1,1,-0.176003059,-1.373688575
133,0,0,0,0,0,0,1,3,1,3,13,9,-1.389294511,-0.343327765,13,1,30,1,1,0,1,1.382764514,0.475820408
134,0,0,0,0,0,0,0,0,0,0,8,1,1.844842569,0.023125363,12,1,1,0,0,1,1,-1.075938431,-1.626224988
135,0,0,0,0,0,0,0,0,0,0,13,5,1.500214813,2.105678094,11,0,0,0,0,1,3,0.197800572,0.204068769
136,0,0,0,0,0,0,0,0,0,0,12,3,1.155587057,1.739224966,13,0,0,0,0,1,3,0.349327778,1.621748065
137,0,0,1,104,1,40,1,110,1,246,19,11,-2.732448789,-2.095182666,4,1,100,1,2,0,1,1.462413633,0.427416431
138,1,1,0,0,0,0,1,1,1,2,7,4,0.952386288,0.863297515,11,1,20,0,0,1,1,-0.017388691,-0.655241373
139,0,0,0,0,1,1,0,0,1,1,18,4,-0.426124737,-1.692974239,8,1,20,0,0,0,1,0.157327343,1.238322356
140,0,0,0,0,0,0,0,0,0,0,4,4,-1.663208774,2.543641819,10,1,7,0,0,1,1,-0.914032631,0.267338622
141,0,0,0,0,0,0,0,0,0,0,5,2,1.606285054,0.899052814,10,1,10,0,0,1,1,-0.219135073,1.126648525
142,0,0,0,0,0,0,1,2,1,2,11,5,1.53557156,2.543641819,4,1,20,0,0,1,1,-0.188575486,0.3157426
143,1,22,0,0,1,2,1,4,1,28,13,4,-2.078550024,-0.343327765,13,1,52,1,1,0,1,0.206231305,-0.208545573
144,1,5,1,10,1,15,1,11,1,48,9,12,-1.044666755,1.739224966,14,1,20,0,0,0,1,-0.238659235,0.3157426
145,0,0,1,21,1,30,1,40,1,95,14,17,-4.349517329,-4.508433227,3,1,150,1,4,0,1,0.731365969,1.126648525
146,0,0,0,0,0,0,0,0,0,0,15,6,-2.078550024,0.42533379,8,1,10,0,0,0,4,1.581714008,1.349996187
147,0,0,0,0,0,0,1,5,1,5,14,14,0.121703788,-4.1062248,4,1,50,0,0,1,1,-0.470042865,0.204068769
148,0,0,1,2,0,0,1,2,1,2,12,13,1.22630055,-1.987916771,3,1,10,1,1,1,1,0.797329786,-0.320219642
149,0,0,0,0,0,0,0,0,0,0,10,4,-1.733922268,-1.183499917,14,1,3,0,0,0,1,-0.794672257,0.155664552
150,0,0,0,0,0,0,1,1,1,1,15,8,-4.278803836,0.058880662,11,1,4,0,0,1,1,1.572118218,0.810842139
151,1,3,1,1,0,0,1,4,1,8,8,10,-1.733922268,-2.461635794,7,1,1,1,1,0,2,-0.299653638,-0.17935694
152,0,0,0,0,0,0,0,0,0,0,18,7,2.534098081,0.09463596,5,1,50,1,2,0,1,-0.243722922,-0.208545573
153,0,0,0,0,0,0,0,0,0,0,6,3,0.881672794,0.09463596,11,1,3,0,0,0,1,0.048752941,-0.543567304
154,0,0,0,0,0,0,0,0,0,0,10,1,1.190943803,-0.343327765,11,0,0,0,0,1,1,0.018172352,0.3157426
155,1,1,0,0,1,2,1,2,1,5,14,4,-2.42317778,-1.183499917,6,0,0,0,0,0,1,0.335458486,-2.024516453
156,0,0,0,0,0,0,0,0,0,0,5,3,0.263130776,-2.095182666,13,1,6,0,0,0,1,0.191516129,0.0923947
157,0,0,0,0,0,0,0,0,0,0,14,12,-3.006363052,-5.017907548,2,1,30,0,0,0,1,-0.401587538,0.854896647
158,0,0,0,0,0,0,0,0,0,0,4,2,1.570928307,0.863297515,13,1,2,0,0,1,1,-1.204277457,0.379012453
159,0,0,0,0,0,0,1,3,1,3,16,1,1.155587057,0.023125363,2,0,0,0,0,0,1,-0.240033864,-1.708710186
160,0,0,0,0,0,0,0,0,0,0,12,3,0.537045038,-0.745536192,12,0,0,0,0,1,1,-1.317908877,-1.820384136
161,0,0,0,0,0,0,0,0,0,0,8,4,1.844842569,1.337016539,12,1,3,0,0,1,1,-1.174278753,0.3157426
162,0,0,0,0,0,0,0,0,0,0,15,4,0.8109593,-0.343327765,11,1,52,0,0,0,1,1.709279695,0.92251597
163,0,0,0,0,0,0,0,0,0,0,10,2,0.846316047,-0.343327765,7,1,12,0,0,0,1,1.210343785,0.043990722
164,0,0,0,0,0,0,0,0,1,1,12,2,-2.352464286,0.058880662,8,1,8,0,0,1,1,-0.770239839,-0.926993013
165,0,0,0,0,0,0,0,0,0,0,6,3,2.534098081,0.496844387,11,0,0,0,0,0,1,0.197800572,0.204068769
166,0,0,0,0,0,0,0,0,0,0,10,3,-1.733922268,1.337016539,13,1,2,0,0,0,1,0.361995251,0.267338622
167,1,2,1,1,0,0,1,1,1,4,9,5,-0.152210474,-1.219255215,13,1,20,0,0,1,1,-0.598822815,0.539090261
168,0,0,0,0,0,0,0,0,0,0,9,2,2.534098081,2.069922796,15,0,0,0,0,1,3,-0.454596166,0.3157426
169,0,0,0,0,1,2,1,2,1,4,14,6,1.500214813,1.739224966,13,1,52,0,0,1,1,-0.141405588,-1.354472991
170,0,0,1,8,1,1,1,3,1,12,22,18,-3.660261817,-2.023672069,7,1,260,1,2,1,1,0.191516129,0.631548509
171,0,0,0,0,0,0,0,0,0,0,0,4,1.22630055,-2.095182666,12,0,0,0,0,0,1,-1.528420254,-0.495163326
172,0,0,0,0,1,2,1,1,1,3,10,9,-1.389294511,-2.497391093,9,1,20,0,0,0,1,0.258692037,0.446631776
173,0,0,0,0,0,0,0,0,0,0,7,0,2.534098081,0.934808112,12,0,0,0,0,1,1,-0.741276311,-0.451108818
174,0,0,0,0,0,0,0,0,0,0,0,2,2.534098081,0.42533379,8,0,0,0,0,1,3,-0.561118961,-1.262014744
175,0,0,0,0,0,0,0,0,0,0,10,4,0.192417282,-2.059427367,12,1,20,0,0,0,1,-0.608834542,-0.383489495
176,0,0,0,0,0,0,0,0,0,0,9,1,1.155587057,0.827542217,7,1,7,0,0,1,1,-0.996141921,-1.262014744
177,1,1,0,0,0,0,0,0,1,1,3,8,2.224827072,2.945850246,12,1,26,0,0,1,1,-1.048383848,-1.801168672
178,0,0,0,0,0,0,1,2,1,2,15,6,0.537045038,-4.285001291,11,1,15,0,0,1,1,-1.204277457,-0.878589035
179,1,1,0,0,1,4,0,0,1,5,16,5,-2.043193277,-0.78129149,10,1,26,0,0,1,1,-1.567723617,0.427416431
180,0,0,0,0,0,0,0,0,0,0,17,3,-3.006363052,-0.307572467,11,1,20,1,1,1,1,0.976093286,0.267338622
181,0,0,0,0,0,0,0,0,0,0,10,0,0.607758532,0.899052814,7,0,0,0,0,0,1,0.767304215,0.874111754
182,0,0,0,0,1,2,1,4,1,6,9,8,0.227774029,-2.497391093,5,0,0,1,1,0,3,0.215825093,1.126648525
183,0,0,0,0,1,1,0,0,1,1,15,5,0.263130776,0.09463596,5,1,5,0,0,1,1,-0.387378713,0.155664552
184,0,0,0,0,1,1,1,5,1,6,13,7,0.192417282,-0.343327765,9,1,80,1,3,0,1,-0.243722922,1.126648525
185,0,0,0,0,0,0,0,0,0,0,0,3,1.880199316,0.827542217,14,1,54,0,0,0,1,-1.247387264,0.043990722
186,1,1,0,0,0,0,0,0,1,1,11,7,-1.804635761,-4.98215225,6,1,3,0,0,0,1,1.210343785,1.034189801
187,0,0,0,0,0,0,0,0,0,0,6,0,1.22630055,0.461089088,10,0,0,0,0,0,1,-0.903731097,-1.849572769
188,0,0,0,0,0,0,0,0,0,0,10,7,-1.972479783,0.899052814,7,0,0,0,0,0,3,0.701741148,1.621748065
189,0,0,0,0,0,0,0,0,0,0,13,5,0.227774029,0.899052814,11,1,4,0,0,0,1,-0.408080106,-1.597036236
190,0,0,0,0,0,0,0,0,0,0,10,8,0.537045038,-0.817046789,8,1,3,0,0,0,1,-1.601418599,-1.373688575
191,0,0,1,1,1,1,1,1,1,2,11,8,-0.461481484,2.543641819,10,1,25,0,0,0,1,-0.476221434,-0.718510988
192,0,0,0,0,0,0,0,0,0,0,10,2,1.844842569,1.265505942,12,1,2,0,0,1,1,0.822197382,-2.024516453
193,0,0,0,0,0,0,0,0,0,0,12,1,1.500214813,0.934808112,16,1,10,0,0,0,1,-0.97524152,-1.9612466
194,1,4,0,0,1,2,0,0,1,6,18,12,-0.770752493,0.899052814,11,1,50,0,0,1,1,-1.539833127,-0.941858649
195,0,0,0,0,0,0,1,1,1,1,12,7,-1.389294511,-1.183499917,7,1,3,0,0,1,1,-0.699209851,0.427416431
196,0,0,0,0,0,0,0,0,0,0,8,2,0.263130776,0.42533379,11,1,30,0,0,1,1,-0.699209851,0.0923947
197,1,4,0,0,0,0,1,3,1,7,6,7,0.8109593,1.265505942,8,1,25,0,0,1,1,0.520334632,-1.150340913
198,1,10,1,1,1,5,1,3,1,19,19,15,-1.115380249,-0.379083064,5,1,15,1,4,1,1,1.664465257,1.238322356
199,0,0,0,0,0,0,0,0,0,0,14,2,0.846316047,0.496844387,14,1,5,0,0,1,2,-0.96015976,0.568278894
200,0,0,0,0,0,0,0,0,0,0,9,6,0.263130776,0.461089088,13,1,2,0,0,1,1,-0.820158776,0.427416431
201,1,90,1,99,1,32,1,22,1,247,14,15,-4.694145086,-4.946396952,13,1,200,1,2,0,4,1.430814046,0.471470938
202,0,0,0,0,0,0,0,0,0,0,7,1,2.534098081,0.899052814,8,1,5,0,0,1,3,-0.368151687,-0.227761156
203,0,0,0,0,0,0,0,0,0,0,11,2,1.570928307,-0.78129149,13,1,52,0,0,1,1,-0.192905642,-1.262014744
204,0,0,0,0,0,0,0,0,0,0,10,6,0.192417282,-0.343327765,10,1,4,0,0,0,1,-0.306822105,0.427416431
205,1,20,0,0,0,0,0,0,1,21,12,7,-2.458534527,-2.899599519,14,1,4,0,0,0,1,0.034859441,-0.990262866
206,0,0,0,0,1,2,0,0,1,2,7,2,2.189470325,1.739224966,8,1,6,0,0,0,1,-0.737203239,0.539090261
207,0,0,0,0,0,0,0,0,0,0,13,0,1.844842569,-0.343327765,10,1,4,0,0,0,1,0.361995251,-0.703645113
208,0,0,0,0,0,0,0,0,0,0,8,2,-1.733922268,-1.657218941,15,1,5,0,0,1,1,0.976093286,0.398227798
209,0,0,0,0,0,0,0,0,0,0,3,1,0.952386288,2.507886521,11,0,0,0,0,1,1,0.220718074,1.621748065
210,0,0,0,0,0,0,0,0,0,0,11,4,0.881672794,1.667714369,9,1,15,0,0,0,3,-1.441742663,-0.990262866
211,0,0,0,0,0,0,0,0,0,0,14,7,-3.934176079,-3.266052648,8,1,11,0,0,0,1,0.573831347,1.126648525
212,1,3,0,0,1,2,0,0,1,5,4,6,-0.355411243,1.30126124,9,1,21,0,0,1,1,-0.612215635,-0.655241373
213,0,0,0,0,0,0,0,0,0,0,6,4,0.881672794,-0.414838362,16,0,0,0,0,0,1,-0.634205675,0.063206067
214,0,0,0,0,0,0,0,0,0,0,10,1,2.534098081,-1.514197747,6,1,12,0,0,1,1,-0.591717491,0.3157426
215,0,0,0,0,0,0,1,3,1,3,13,4,1.500214813,-0.048385233,13,1,7,1,1,0,1,0.629785465,0.0923947
216,0,0,0,0,0,0,0,0,0,0,7,3,2.189470325,-1.255010514,9,1,10,0,0,1,1,-0.89750022,-1.150340913
217,0,0,0,0,0,0,0,0,0,0,14,4,-1.115380249,-2.497391093,10,1,12,1,1,0,1,0.040388922,0.650764092
218,1,3,0,0,1,2,1,6,1,11,13,7,-2.42317778,-0.817046789,7,1,30,1,2,0,1,-0.598822815,-1.038666844
219,1,3,1,3,1,10,1,4,1,21,11,10,-3.350990808,-1.621463642,7,1,50,0,0,0,1,1.264400677,1.014974217
220,0,0,0,0,0,0,0,0,0,0,8,1,-3.041719798,1.193995346,4,0,0,0,0,0,1,0.822197382,1.733421896
221,0,0,0,0,0,0,1,1,1,1,9,5,1.155587057,1.30126124,13,0,0,0,0,1,3,-0.347867711,0.111610283
222,0,0,0,0,0,0,0,0,0,0,16,1,1.844842569,2.141433392,12,0,0,0,0,1,3,0.799412492,0.810842139
223,0,0,0,0,0,0,0,0,0,0,18,15,-1.804635761,-4.141980098,11,1,15,0,0,1,1,-1.174357393,-0.17935694
224,0,0,0,0,0,0,0,0,0,0,14,0,0.607758532,2.945850246,16,0,0,0,0,0,1,-1.075938431,-0.160141595
225,1,51,0,0,1,1,1,4,1,56,14,16,-1.186093743,-2.023672069,3,1,131,0,0,1,1,0.173941899,0.743222816
226,0,0,0,0,0,0,0,0,0,0,11,1,-0.116853727,0.130391258,12,1,15,0,0,0,1,-0.737203239,-0.926993013
227,1,1,0,0,1,3,1,5,1,10,17,12,-1.460008005,-0.379083064,8,1,12,1,2,0,1,0.477476931,0.204068769
228,0,0,0,0,0,0,0,0,0,0,11,0,2.534098081,2.945850246,13,0,0,0,0,1,3,0.985551429,0.427416431
229,0,0,0,0,1,3,0,0,1,3,14,4,0.572401785,0.42533379,12,1,20,0,0,1,1,-1.46323973,-2.296268331
230,0,0,0,0,0,0,0,0,0,0,9,4,0.846316047,0.863297515,12,1,15,0,0,1,1,-1.13071642,0.699168309
231,0,0,0,0,0,0,0,0,0,0,15,2,-2.697092042,0.934808112,13,1,30,1,1,0,4,0.675618514,0.267338622
232,1,7,0,0,1,1,0,0,1,8,12,6,-3.421704302,-2.863844221,4,1,104,0,0,0,1,0.140011304,0.791626556
233,0,0,0,0,0,0,0,0,0,0,14,9,1.500214813,1.30126124,11,1,6,0,0,1,1,1.009422854,1.126648525
234,1,2,0,0,1,5,1,2,1,10,8,3,-1.972479783,-1.255010514,10,1,10,1,1,0,1,0.601563696,1.238322356
235,0,0,0,0,0,0,0,0,0,0,1,0,2.189470325,2.945850246,15,0,0,0,0,0,1,-1.028357792,-0.766915204
236,0,0,0,0,0,0,0,0,0,0,3,2,-0.046140234,0.863297515,11,0,0,0,0,1,1,0.579039296,-0.271815426
237,0,0,0,0,0,0,0,0,0,0,12,0,1.844842569,0.023125363,15,0,0,0,0,1,3,-1.06140498,1.621748065
238,0,0,0,0,0,0,0,0,0,0,8,8,0.537045038,-1.219255215,10,1,45,0,0,0,1,1.462413633,1.014974217
239,0,0,0,0,0,0,0,0,0,0,11,0,1.500214813,2.105678094,12,0,0,0,0,1,2,-1.272739461,-0.971047282
240,0,0,0,0,1,1,1,1,1,2,12,2,-0.426124737,-0.379083064,10,1,2,0,0,0,1,1.648539285,1.621748065
241,0,0,0,0,0,0,0,0,0,0,7,1,1.844842569,1.337016539,13,0,0,0,0,0,1,-1.028357792,-0.655241373
242,0,0,1,2,1,2,1,2,1,6,18,11,-1.663208774,-2.935354818,14,1,7,1,2,1,1,1.775128442,0.650764092
243,0,0,0,0,0,0,0,0,0,0,4,6,-1.115380249,0.863297515,10,1,1,0,0,0,1,-1.415407081,-0.067683109
244,0,0,0,0,0,0,0,0,0,0,11,5,-4.349517329,-3.77552697,8,1,25,1,1,0,1,1.676111474,1.034189801
245,0,0,0,0,1,2,1,3,1,5,16,2,2.189470325,-2.425880496,3,1,11,0,0,1,1,0.400468103,-0.626052502
246,0,0,0,0,0,0,0,0,0,0,10,4,1.190943803,0.023125363,12,0,0,0,0,0,3,-0.530003949,-0.766915204
247,0,0,0,0,1,2,1,6,1,8,13,11,1.190943803,-2.023672069,6,1,4,1,1,0,1,1.72493035,1.126648525
248,0,0,0,0,0,0,0,0,0,0,9,1,0.881672794,0.42533379,7,1,12,0,0,1,1,1.035350683,0.7624384
249,0,0,1,1,1,3,1,3,1,6,8,4,0.952386288,0.461089088,12,1,3,0,0,0,1,-1.441742663,-0.941858649
250,0,0,0,0,0,0,0,0,0,0,6,3,2.189470325,-2.863844221,8,1,2,0,0,1,1,1.004118516,1.126648525
251,0,0,0,0,0,0,0,0,0,0,9,4,1.500214813,0.461089088,16,1,7,0,0,1,1,-0.756976813,-2.407942162
252,0,0,0,0,0,0,0,0,0,0,11,2,1.22630055,0.863297515,13,0,0,0,0,0,1,-0.87948637,-1.262014744
253,0,0,0,0,0,0,0,0,0,0,9,4,-0.770752493,1.337016539,16,1,10,0,0,0,1,1.444245035,1.398399926
254,0,0,0,0,0,0,0,0,0,0,3,1,2.189470325,2.105678094,13,1,1,0,0,1,1,-1.252869072,-2.296268331
255,0,0,0,0,0,0,0,0,0,0,12,8,0.466331544,2.945850246,8,1,52,0,0,1,1,-1.025839153,-0.160141595
256,1,3,0,0,0,0,0,0,1,3,8,7,-1.389294511,-1.255010514,14,1,10,1,1,1,1,0.822197382,0.427416431
257,0,0,0,0,0,0,0,0,0,0,8,2,-1.389294511,2.105678094,14,1,3,0,0,1,2,1.462413633,1.238322356
258,0,0,0,0,0,0,0,0,0,0,12,15,2.534098081,2.945850246,9,1,4,1,2,1,3,0.903284634,0.427416431
259,0,0,1,4,0,0,1,11,1,11,4,5,-1.663208774,0.496844387,12,1,100,0,0,0,4,-0.820158776,-2.407942162
260,0,0,0,0,0,0,0,0,0,0,6,1,2.189470325,1.703469667,8,1,4,0,0,1,1,-1.036483826,-1.373688575
261,0,0,0,0,0,0,1,2,1,2,10,3,-0.426124737,-0.379083064,9,1,26,0,0,0,1,-0.749445048,0.3157426
262,0,0,0,0,0,0,0,0,0,0,9,4,1.844842569,2.105678094,11,1,2,0,0,0,3,-0.454596166,0.267338622
263,0,0,0,0,0,0,0,0,0,0,8,8,1.844842569,1.703469667,16,1,8,0,0,1,1,-1.841576376,-2.407942162
264,0,0,0,0,0,0,1,12,1,12,8,2,1.155587057,0.461089088,14,1,3,0,0,0,1,-1.464381683,-1.262014744
265,0,0,0,0,0,0,0,0,0,0,14,7,-1.080023502,-2.095182666,10,1,12,0,0,1,1,-0.192905642,-0.514378671
266,0,0,0,0,1,3,0,0,1,3,9,3,1.500214813,1.703469667,16,1,5,0,0,0,1,-1.750900219,-0.495163326
267,0,0,0,0,1,2,0,0,1,2,13,2,-0.426124737,0.09463596,12,0,0,0,0,0,1,-1.455182702,0.7624384
268,0,0,0,0,0,0,0,0,0,0,8,4,1.915556063,2.141433392,14,1,6,0,0,1,1,-0.928600534,-1.038666844
269,0,0,0,0,0,0,0,0,0,0,12,2,0.501688291,-0.343327765,8,1,15,0,0,1,2,-0.44450552,1.126648525
270,0,0,0,0,0,0,0,0,0,0,10,7,-0.80610924,-1.692974239,8,1,5,0,0,1,2,0.766657008,-0.815319182
271,0,0,1,8,0,0,1,8,1,8,7,11,-0.770752493,0.42533379,3,1,88,1,2,1,1,-0.217524121,-0.878589035
272,0,0,0,0,0,0,0,0,0,0,8,3,1.844842569,-2.095182666,11,1,7,0,0,1,1,0.636937356,0.408201085
273,0,0,0,0,0,0,0,0,0,0,15,0,-2.971006305,-1.183499917,8,0,0,0,0,0,1,0.999061045,-0.160141595
274,0,0,0,0,1,5,1,2,1,7,13,10,0.157060535,-1.219255215,10,1,10,1,2,1,1,1.664465257,1.014974217
275,0,0,0,0,0,0,0,0,0,0,9,5,2.189470325,1.337016539,14,0,0,0,0,0,3,-0.194545769,0.92251597
276,1,3,0,0,1,1,1,2,1,6,12,10,-0.152210474,0.934808112,10,1,52,0,0,1,1,0.504950775,0.3157426
277,0,0,0,0,1,4,0,0,1,4,16,9,0.572401785,0.899052814,7,1,184,1,1,1,1,-0.345898034,-0.990262866
278,0,0,0,0,0,0,0,0,0,0,21,0,-2.971006305,2.507886521,6,0,0,0,0,0,1,-0.106461303,0.204068769
279,0,0,0,0,1,6,0,0,1,6,5,9,-3.766332058,-4.177735397,13,1,4,0,0,0,1,0.892436046,0.043990722
280,0,0,0,0,0,0,0,0,0,0,9,3,-2.00783653,-0.379083064,8,1,6,0,0,1,1,-1.465529042,-1.932057967
281,0,0,0,0,0,0,0,0,0,0,13,18,0.263130776,2.945850246,8,1,7,0,0,1,1,-0.598822815,0.043990722
282,0,0,0,0,0,0,0,0,0,0,4,1,2.189470325,-0.343327765,10,0,0,0,0,1,3,-0.465455927,1.621748065
283,0,0,0,0,0,0,0,0,0,0,7,6,0.263130776,1.30126124,11,1,5,0,0,0,1,0.077208137,-0.830184818
284,0,0,0,0,0,0,0,0,0,0,12,3,-0.152210474,0.899052814,12,1,3,0,0,1,1,1.210343785,1.257537463
285,0,0,0,0,0,0,0,0,0,0,15,4,1.500214813,-0.414838362,6,1,4,0,0,1,1,2.106715887,-0.320219642
286,0,0,0,0,0,0,0,0,0,0,8,7,-0.496838231,0.934808112,7,1,18,0,0,1,1,0.783586402,-2.407942162
287,0,0,0,0,0,0,0,0,0,0,5,1,1.500214813,-2.497391093,14,0,0,0,0,1,1,-1.029752105,-1.262014744
288,0,0,0,0,1,3,1,1,1,4,10,6,-4.004889573,0.058880662,16,1,6,0,0,0,1,-0.928600534,-0.160141595
289,0,0,0,0,0,0,0,0,0,0,5,2,2.189470325,1.739224966,13,0,0,0,0,1,3,0.048752941,-1.291203376
290,0,0,0,0,0,0,0,0,0,0,5,3,0.607758532,2.105678094,11,1,2,0,0,1,1,1.445398892,0.267338622
291,0,0,0,0,0,0,0,0,0,0,12,3,-3.315634061,-1.219255215,9,1,5,0,0,1,1,-0.34832057,0.539090261
292,0,0,0,0,0,0,0,0,0,0,11,3,-0.152210474,2.141433392,11,0,0,0,0,0,3,-0.693960392,1.126648525
293,1,2,1,1,1,18,1,1,1,25,13,7,-1.080023502,-0.379083064,13,1,11,1,1,0,1,-1.075938431,-0.495163326
294,0,0,0,0,0,0,0,0,0,0,12,10,-1.698565521,0.461089088,5,1,52,0,0,1,1,-0.662177216,0.204068769
295,1,6,0,0,0,0,1,2,1,8,8,5,-1.044666755,-2.863844221,7,1,12,0,0,1,1,1.494722571,1.398399926
296,0,0,0,0,0,0,0,0,0,0,12,9,-2.661735295,-1.219255215,10,1,50,0,0,0,1,0.659636632,0.155664552
297,1,2,0,0,0,0,1,5,1,8,15,4,-2.043193277,-0.379083064,9,1,20,0,0,0,1,-0.813656037,-1.577820891
298,0,0,0,0,1,2,0,0,1,2,8,2,1.155587057,2.141433392,15,1,5,0,0,0,1,-1.279710705,-1.708710186
299,0,0,0,0,0,0,0,0,0,0,9,4,-0.426124737,0.899052814,9,1,52,0,0,1,1,-0.452705248,-0.067683109
300,0,0,0,0,0,0,0,0,0,0,12,6,2.189470325,2.105678094,10,1,6,0,0,1,1,1.678924733,0.267338622
301,0,0,0,0,0,0,0,0,0,0,4,2,1.844842569,-1.255010514,9,0,0,0,0,1,1,0.184105813,0.155664552
302,0,0,0,0,0,0,0,0,0,0,9,11,-1.733922268,-2.533146391,10,1,24,0,0,1,1,1.382764514,0.854896647
303,1,23,0,0,1,2,1,2,1,29,10,13,-0.08149698,0.899052814,7,1,40,1,1,0,1,-1.432359172,-1.932057967
304,0,0,0,0,0,0,0,0,0,0,10,3,1.570928307,1.337016539,15,0,0,0,0,0,1,0.197800572,0.379012453
305,0,0,0,0,0,0,0,0,0,0,8,0,2.189470325,2.543641819,15,0,0,0,0,0,1,1.337432896,0.650764092
306,0,0,0,0,1,1,0,0,1,1,15,6,-2.043193277,-1.657218941,14,1,3,0,0,0,1,-1.016003401,0.043990722
307,0,0,0,0,0,0,0,0,0,0,9,5,-0.116853727,0.023125363,12,1,10,0,0,0,1,-0.900982744,-0.160141595
308,0,0,1,1,0,0,1,1,1,1,6,3,1.880199316,0.461089088,10,0,0,0,0,0,1,-0.89750022,-1.485362405
309,0,0,0,0,0,0,0,0,0,0,9,5,1.844842569,0.934808112,13,1,5,0,0,1,1,-1.028357792,-0.926993013
310,1,1,0,0,0,0,0,0,1,1,15,9,-0.735395746,-0.379083064,3,0,0,1,2,0,1,0.976093286,1.349996187
311,1,1,0,0,0,0,0,0,1,1,10,10,-0.426124737,-0.817046789,15,1,25,0,0,1,1,-0.89750022,-0.655241373
312,1,1,0,0,1,1,0,0,1,3,12,10,-2.626378548,-2.059427367,9,1,21,0,0,1,1,-1.73832614,-0.208545573
313,0,0,0,0,0,0,0,0,0,0,6,5,-0.700038999,0.023125363,10,0,0,0,0,0,2,-1.849159222,-2.184594381
314,0,0,0,0,0,0,0,0,0,0,3,3,-0.08149698,0.058880662,14,1,5,0,0,0,1,-0.820158776,0.427416431
315,0,0,0,0,0,0,1,7,1,7,13,2,-0.187567221,1.265505942,15,1,15,0,0,0,3,0.448990165,1.621748065
316,0,0,0,0,0,0,0,0,0,0,23,18,-4.694145086,-1.255010514,5,1,10,1,4,0,1,1.382764514,1.510074234
317,1,1,0,0,0,0,1,1,1,2,9,2,0.227774029,0.09463596,12,1,12,0,0,0,3,-0.681188513,-0.543567304
318,0,0,0,0,0,0,0,0,0,0,12,1,0.881672794,0.532599685,13,1,3,0,0,1,1,-0.894533025,0.427416431
319,0,0,1,1,1,1,1,4,1,18,14,14,-4.384874076,-3.77552697,7,1,104,1,2,0,1,-0.299653638,0.204068769
320,1,1,1,1,1,6,1,1,1,8,14,17,-4.623431592,-1.147744619,8,1,100,1,1,0,1,1.158971388,1.621748065
321,0,0,0,0,0,0,0,0,0,0,15,3,-2.043193277,-1.290765812,8,1,5,1,1,1,1,0.018172352,-0.495163326
322,0,0,0,0,0,0,0,0,0,0,8,11,-0.116853727,-1.692974239,8,1,52,0,0,0,1,0.659636632,1.238322356
323,1,1,0,0,0,0,0,0,1,1,9,2,0.501688291,-1.255010514,13,1,20,0,0,0,1,-1.455182702,-1.101936696
324,0,0,0,0,0,0,0,0,0,0,13,3,0.537045038,-0.271817169,16,0,0,0,0,0,3,-0.714350201,0.427416431
325,0,0,0,0,0,0,0,0,0,0,10,2,0.846316047,1.30126124,12,1,3,0,0,0,1,-0.476221434,-1.262014744
326,0,0,0,0,0,0,1,1,1,1,1,0,2.189470325,2.945850246,15,0,0,0,0,0,3,1.098199974,1.621748065
327,0,0,0,0,0,0,0,0,0,0,16,6,-1.389294511,-0.343327765,12,0,0,0,0,1,3,0.990860305,1.621748065
328,0,0,0,0,0,0,0,0,0,0,14,2,-3.386347555,-0.78129149,11,0,0,0,0,0,1,-0.593694092,-1.325284358
329,0,0,0,0,0,0,0,0,0,0,9,0,-0.355411243,1.30126124,15,1,12,0,0,1,1,1.70846612,1.126648525
330,0,0,0,0,0,0,0,0,1,1,10,3,-0.700038999,-0.012629935,12,0,0,1,1,0,1,-1.174357393,-0.878589035
331,0,0,0,0,1,5,0,0,1,8,15,8,-2.626378548,-1.183499917,3,1,5,1,2,0,1,-0.310497707,0.650764092
332,1,1,0,0,1,4,0,0,1,6,2,4,1.844842569,0.827542217,14,1,31,0,0,1,1,-0.352708384,-0.17935694
333,1,3,0,0,0,0,0,0,1,3,10,11,0.572401785,2.141433392,11,1,11,0,0,1,3,-1.73832614,-2.407942162
334,0,0,0,0,0,0,0,0,0,0,9,4,1.915556063,2.945850246,15,1,6,0,0,1,1,1.648539285,-0.766915204
335,0,0,0,0,0,0,0,0,0,0,11,3,0.607758532,-0.307572467,8,1,1,0,0,1,1,0.087271369,-0.543567304
336,0,0,0,0,0,0,0,0,0,0,6,5,-3.730975311,0.023125363,6,0,0,0,0,0,1,-0.244204842,-0.543567304
337,0,0,0,0,1,2,1,2,1,4,15,5,-0.770752493,0.42533379,13,1,2,0,0,0,1,-0.051423122,1.126648525
338,0,0,0,0,0,0,1,2,1,2,15,1,-0.461481484,-4.687209718,10,1,8,0,0,1,1,1.798338996,1.034189801
339,0,0,0,0,0,0,1,2,1,2,7,2,0.881672794,-0.78129149,6,1,2,0,0,1,1,0.685808361,0.3157426
340,0,0,0,0,0,0,0,0,0,0,7,7,1.606285054,1.739224966,7,1,5,0,0,1,1,1.664465257,0.204068769
341,0,0,0,0,0,0,0,0,0,0,5,1,1.844842569,1.667714369,14,0,0,0,0,1,1,-1.419654718,-0.383489495
342,0,0,0,0,0,0,0,0,0,0,1,0,2.534098081,0.461089088,10,0,0,0,0,1,2,0.14185052,-1.373688575
343,0,0,0,0,0,0,0,0,0,0,15,3,-1.044666755,-2.023672069,6,0,0,0,0,0,1,1.380864602,0.539090261
344,0,0,0,0,0,0,0,0,0,0,7,3,2.189470325,1.337016539,12,0,0,0,0,1,3,1.880735493,1.126648525
345,0,0,1,1,1,1,1,2,1,3,9,4,1.844842569,0.461089088,14,1,18,0,0,1,1,-0.916182232,NA
346,1,20,0,0,1,100,1,4,1,124,17,13,-3.077076545,-0.343327765,8,1,52,1,1,0,1,-0.87948637,-0.878589035
347,0,0,0,0,0,0,0,0,0,0,13,6,1.190943803,1.337016539,9,1,4,0,0,1,1,-1.85020933,-1.101936696
348,0,0,0,0,0,0,0,0,0,0,7,4,-1.115380249,0.496844387,14,0,0,0,0,0,1,-1.432359172,-1.373688575
349,0,0,0,0,0,0,0,0,0,0,15,5,2.189470325,0.058880662,10,0,0,0,0,1,1,0.215825093,-0.926993013
350,0,0,0,0,0,0,0,0,0,0,9,3,1.155587057,2.069922796,16,0,0,0,0,0,1,-1.028357792,-0.655241373
351,0,0,0,0,0,0,0,0,0,0,13,7,-0.496838231,-2.095182666,8,1,52,0,0,1,1,2.22880243,1.014974217
352,0,0,0,0,0,0,0,0,0,0,7,0,2.189470325,2.945850246,13,0,0,0,0,0,1,-1.197579728,-0.990262866
353,0,0,0,0,0,0,0,0,0,0,9,6,-0.08149698,0.023125363,8,0,0,0,0,0,1,1.572118218,1.126648525
354,0,0,0,0,0,0,0,0,0,0,16,4,-1.389294511,0.058880662,15,1,6,0,0,0,1,-0.620572316,-0.17935694
355,0,0,0,0,0,0,1,60,1,60,10,7,1.880199316,1.265505942,11,1,12,1,2,0,1,1.095950379,0.043990722
356,0,0,0,0,1,2,1,5,1,10,10,11,-1.698565521,-2.023672069,5,1,50,1,2,0,1,-0.06140238,-0.495163326
357,0,0,0,0,0,0,0,0,0,0,7,3,2.189470325,2.945850246,14,1,6,0,0,1,1,-0.928600534,-1.373688575
358,0,0,0,0,0,0,0,0,0,0,9,1,2.189470325,0.058880662,15,1,4,0,0,1,1,-1.465529042,-1.820384136
359,0,0,0,0,0,0,0,0,0,0,10,9,1.22630055,2.141433392,11,0,0,0,0,1,3,0.661843688,1.145864109
360,1,2,0,0,1,5,0,0,1,7,15,6,-3.077076545,-5.053662847,9,1,200,1,1,1,1,1.863351454,1.349996187
361,0,0,0,0,0,0,0,0,0,0,10,4,0.157060535,-0.817046789,14,1,2,0,0,0,1,-1.795471138,-1.436958427
362,0,0,0,0,0,0,0,0,0,0,11,2,1.844842569,0.389578492,7,0,0,0,0,1,3,-0.231449794,1.621748065
363,1,2,0,0,1,3,1,2,1,7,12,11,-2.078550024,-1.147744619,9,0,0,0,0,0,2,-0.989445881,-1.038666844
364,0,0,0,0,0,0,0,0,0,0,7,0,1.844842569,1.739224966,8,0,0,0,0,0,1,0.939807936,1.621748065
365,0,0,0,0,0,0,0,0,0,0,11,2,0.846316047,0.461089088,12,1,1,0,0,1,1,-0.345898034,-0.067683109
366,0,0,0,0,0,0,0,0,0,0,13,4,-1.389294511,-0.817046789,15,0,0,1,1,0,3,0.990860305,0.810842139
367,0,0,0,0,1,52,1,7,1,59,20,6,-4.623431592,-2.497391093,16,1,52,0,0,1,1,1.775128442,1.238322356
368,0,0,0,0,0,0,0,0,0,0,2,2,1.570928307,2.141433392,2,0,0,0,0,1,1,-0.107814532,1.145864109
369,0,0,0,0,0,0,0,0,0,0,7,7,1.155587057,1.337016539,11,1,24,0,0,0,1,-1.048383848,-0.495163326
370,1,1,0,0,1,2,0,0,1,3,14,5,-1.733922268,-3.373318543,7,1,2,1,2,0,1,0.903284634,0.539090261
371,0,0,0,0,1,3,0,0,1,3,8,4,0.881672794,-1.219255215,14,1,2,1,1,0,2,-0.693960392,-1.373688575
372,0,0,0,0,0,0,0,0,0,0,10,1,1.606285054,-1.657218941,12,1,30,0,0,0,1,0.988298439,0.0923947
373,1,20,0,0,1,20,1,40,1,81,14,17,-0.496838231,-1.621463642,6,1,150,1,1,0,1,0.268801252,-0.655241373
374,0,0,0,0,0,0,0,0,0,0,7,0,1.606285054,0.899052814,10,0,0,0,0,0,1,0.206231305,0.3157426
375,0,0,0,0,1,1,0,0,1,1,9,3,1.500214813,2.105678094,13,1,11,1,1,1,1,-0.593694092,-0.990262866
376,0,0,0,0,0,0,0,0,0,0,10,5,0.298487523,1.30126124,12,1,10,0,0,1,1,0.988298439,0.3157426
377,0,0,1,1,1,2,1,1,1,3,14,9,1.53557156,-2.899599519,11,1,30,1,1,0,1,-1.169734952,-0.067683109
378,0,0,0,0,0,0,0,0,0,0,11,3,0.572401785,-2.095182666,12,1,4,0,0,1,1,-0.869785744,-0.655241373
379,0,0,0,0,0,0,0,0,0,0,13,5,1.155587057,0.899052814,12,1,3,0,0,1,1,0.127101173,1.238322356
380,0,0,0,0,0,0,0,0,0,0,2,2,2.534098081,1.703469667,13,0,0,0,0,0,1,-0.733317688,-0.878589035
381,0,0,0,0,0,0,0,0,0,0,9,5,-2.555665055,-2.130937964,2,1,40,0,0,0,1,1.245804987,0.810842139
382,0,0,0,0,0,0,0,0,0,0,7,1,1.53557156,2.543641819,8,0,0,0,0,1,2,-1.284664053,0.7624384
383,0,0,0,0,0,0,0,0,0,0,9,2,1.190943803,2.945850246,12,1,5,0,0,0,1,-1.417901855,-1.548632258
384,0,0,0,0,0,0,0,0,0,0,8,8,1.570928307,1.337016539,11,1,35,0,0,1,1,-0.523369414,-1.373688575
385,0,0,0,0,0,0,0,0,0,0,9,2,1.53557156,0.058880662,11,1,2,0,0,0,1,0.731365969,1.238322356
386,0,0,0,0,0,0,0,0,0,0,1,12,2.189470325,0.09463596,10,1,3,0,0,1,1,-0.929043841,0.204068769
387,0,0,0,0,0,0,0,0,0,0,1,2,2.189470325,1.703469667,14,0,0,0,0,1,2,-1.750900219,-1.708710186
388,1,4,0,0,1,2,0,0,1,6,9,11,-0.770752493,0.058880662,11,1,50,0,0,1,1,1.059712012,-0.431893473
389,0,0,0,0,0,0,0,0,0,0,11,7,-1.080023502,-1.549953046,10,1,50,0,0,0,1,-0.714350201,0.539090261
390,1,5,0,0,0,0,0,0,1,5,8,7,-0.08149698,-0.78129149,9,1,30,0,0,1,1,0.717770213,1.126648525
391,0,0,0,0,0,0,0,0,0,0,7,2,-2.317107539,2.945850246,6,0,0,0,0,0,1,0.795947402,0.204068769
392,0,0,0,0,0,0,0,0,0,0,12,3,0.227774029,-1.621463642,10,1,12,0,0,0,1,-0.306822105,1.126648525
393,0,0,0,0,0,0,0,0,0,0,15,9,1.155587057,0.058880662,10,1,5,0,0,1,1,-0.737203239,-1.150340913
394,0,0,0,0,0,0,0,0,0,0,3,1,2.534098081,2.945850246,15,0,0,0,0,0,3,-1.105373722,-0.878589035
395,0,0,0,0,0,0,0,0,0,0,13,3,-0.496838231,0.532599685,2,1,2,0,0,0,1,-0.996141921,-1.101936696
396,1,5,0,0,0,0,0,0,1,5,12,9,-0.116853727,0.496844387,13,1,5,0,0,0,3,-0.363711169,-0.383489495
397,0,0,0,0,0,0,0,0,1,1,9,8,-1.733922268,0.863297515,7,1,25,0,0,1,1,0.573831347,1.621748065
398,0,0,0,0,1,7,0,0,1,7,16,6,0.227774029,-2.935354818,4,1,10,1,2,0,1,1.494722571,0.874111754
399,0,0,0,0,1,3,1,10,1,13,12,9,-3.350990808,-2.059427367,10,1,52,1,1,0,1,-0.243722922,0.519874916
400,0,0,0,0,0,0,0,0,0,0,10,4,-1.733922268,-1.219255215,7,1,20,0,0,0,1,-0.040999271,-0.766915204
401,0,0,0,0,0,0,0,0,0,0,12,3,0.917029541,2.141433392,11,1,5,0,0,1,1,-1.680400173,-0.606837157
402,0,0,0,0,0,0,0,0,0,0,17,11,-3.934176079,-3.739771671,10,0,0,0,0,1,2,0.173941899,-0.514378671
403,0,0,0,0,0,0,0,0,0,0,12,2,1.22630055,0.42533379,13,0,0,0,0,0,1,-0.540423809,-0.878589035
404,0,0,0,0,1,1,0,0,1,1,4,4,1.500214813,0.863297515,10,1,24,0,0,0,1,-0.703293511,-0.271815426
405,0,0,0,0,0,0,0,0,0,0,6,3,1.844842569,2.141433392,14,0,0,0,0,1,1,-0.880470758,-0.926993013
406,1,80,0,0,0,0,0,0,1,80,12,9,1.500214813,0.934808112,4,1,10,1,1,1,1,1.062243543,0.791626556
407,1,7,1,8,1,9,1,3,1,34,18,10,-1.424651258,-2.425880496,14,1,4,1,2,0,1,0.7936388,1.014974217
408,1,7,0,0,1,3,1,3,1,13,15,12,-2.043193277,-2.059427367,6,1,78,1,1,0,1,-0.521900775,-0.766915204
409,0,0,0,0,0,0,0,0,0,0,12,4,1.844842569,0.899052814,12,1,3,0,0,1,1,-1.324432341,-0.815319182
410,0,0,0,0,1,1,1,1,1,2,15,0,-1.627852027,-0.414838362,8,1,2,0,0,0,1,-0.733317688,1.126648525
411,1,2,0,0,0,0,0,0,1,2,9,7,1.880199316,1.337016539,13,1,5,0,0,0,1,-0.593694092,0.427416431
412,0,0,0,0,0,0,0,0,0,0,14,4,1.155587057,0.791786919,10,1,20,0,0,0,2,0.526041251,0.854896647
413,0,0,0,0,0,0,0,0,0,0,4,1,1.500214813,2.945850246,15,1,12,0,0,1,1,-0.96015976,-0.160141595
414,0,0,0,0,0,0,0,0,0,0,7,4,0.607758532,0.899052814,9,1,1,0,0,0,1,0.136042581,0.204068769
415,0,0,0,0,0,0,1,2,1,2,6,2,-1.080023502,-0.817046789,6,1,5,0,0,1,1,1.382764514,0.903300863
416,0,0,0,0,0,0,1,2,1,2,10,5,-0.426124737,0.058880662,10,1,2,0,0,1,1,1.004118516,-0.815319182
417,0,0,0,0,0,0,0,0,0,0,5,2,1.500214813,2.105678094,9,0,0,0,0,0,2,1.664465257,0.743222816
418,0,0,1,1,0,0,1,2,1,2,6,3,-0.496838231,-0.343327765,10,1,1,0,0,0,1,0.675618514,0.854896647
419,0,0,0,0,0,0,0,0,0,0,11,1,2.534098081,2.105678094,11,0,0,0,0,1,3,0.701741148,0.3157426
420,0,0,0,0,1,3,1,4,1,7,9,12,-0.532194977,0.532599685,10,1,10,1,3,0,3,-0.372726651,1.126648525
421,0,0,0,0,0,0,0,0,0,0,8,1,1.22630055,2.105678094,9,1,2,0,0,1,1,-0.46675341,-0.543567304
422,0,0,0,0,0,0,0,0,0,0,12,6,0.537045038,0.42533379,11,1,3,0,0,1,1,-1.349112641,-2.407942162
423,1,3,0,0,0,0,0,0,1,3,7,2,0.192417282,-2.095182666,6,1,4,0,0,1,2,0.040388922,-0.703645113
424,0,0,0,0,1,4,1,1,1,5,19,6,-1.460008005,-1.147744619,5,1,360,1,3,0,1,0.636937356,0.0923947
425,0,0,0,0,0,0,1,2,1,2,16,9,-0.770752493,0.058880662,9,1,20,1,1,1,1,-0.244204842,0.155664552
426,1,8,1,8,1,33,1,5,1,54,13,11,-1.733922268,-2.461635794,6,1,80,1,4,0,1,1.430814046,0.267338622
427,0,0,0,0,0,0,0,0,0,0,8,2,2.534098081,1.739224966,10,1,2,0,0,0,1,-0.660239439,1.014974217
428,0,0,0,0,0,0,0,0,0,0,8,1,1.844842569,1.337016539,14,1,3,0,0,1,1,-1.567723617,-1.820384136
429,0,0,0,0,0,0,0,0,0,0,6,5,1.155587057,0.863297515,10,1,12,0,0,0,1,-0.713457185,-0.383489495
430,0,0,0,0,0,0,0,0,0,0,3,0,1.844842569,2.945850246,5,1,1,0,0,1,1,0.675618514,1.621748065
431,0,0,0,0,0,0,0,0,0,0,11,1,1.844842569,0.934808112,11,1,20,0,0,0,1,-1.417901855,-2.407942162
432,0,0,1,1,0,0,0,0,1,1,16,12,-4.004889573,-1.219255215,4,1,5,1,2,1,1,0.685808361,0.92251597
433,1,2,0,0,1,4,0,0,1,8,14,10,-2.697092042,-0.78129149,10,1,80,1,2,1,1,0.5363899,0.427416431
434,0,0,0,0,1,3,1,1,1,8,8,11,-0.116853727,-0.78129149,14,1,5,0,0,0,1,0.197800572,0.743222816
435,0,0,0,0,0,0,0,0,0,0,9,4,1.155587057,1.229750644,7,1,6,0,0,1,1,-0.243722922,-1.038666844
436,0,0,0,0,0,0,0,0,0,0,16,8,-4.349517329,-1.219255215,6,1,9,1,2,0,1,0.14185052,1.126648525
437,0,0,0,0,0,0,0,0,0,0,6,0,2.534098081,2.945850246,10,0,0,0,0,0,2,-0.299653638,-0.048467764
438,0,0,0,0,1,2,0,0,1,12,14,5,-2.626378548,-1.183499917,9,1,30,0,0,0,2,-0.452705248,-1.548632258
439,0,0,0,0,0,0,0,0,0,0,11,2,-0.08149698,0.023125363,12,1,15,0,0,0,1,-0.630185704,-0.878589035
440,0,0,0,0,0,0,0,0,0,0,7,4,1.500214813,-0.343327765,11,1,1,0,0,0,1,1.013613357,0.92251597
441,0,0,0,0,0,0,0,0,0,0,10,6,1.190943803,0.42533379,10,1,1,0,0,1,1,0.97956553,0.3157426
442,0,0,0,0,1,1,0,0,1,1,21,3,0.572401785,1.739224966,8,1,3,1,1,1,1,1.648539285,0.379012453
443,0,0,0,0,0,0,0,0,0,0,6,1,0.881672794,0.058880662,6,1,2,0,0,1,1,-0.354475013,-1.548632258
444,0,0,0,0,0,0,0,0,0,0,5,9,-1.353937764,-1.183499917,5,1,10,0,0,0,1,0.669059888,-0.383489495
445,0,0,0,0,0,0,0,0,0,0,8,4,0.881672794,-0.379083064,12,1,5,0,0,0,1,-1.432359172,1.126648525
446,0,0,0,0,0,0,0,0,0,0,18,2,0.192417282,0.899052814,15,0,0,0,0,1,3,0.723991148,0.810842139
447,1,8,1,4,1,2,0,0,1,14,18,8,-2.078550024,-2.497391093,6,1,156,1,2,1,1,0.153148396,0.743222816
448,1,2,0,0,1,2,0,0,1,4,9,4,-0.461481484,1.739224966,7,1,2,0,0,1,1,0.601563696,0.539090261
449,0,0,0,0,1,52,1,2,1,64,20,8,-1.733922268,0.863297515,14,1,5,0,0,0,1,-0.593694092,-2.184594381
450,0,0,0,0,0,0,0,0,0,0,10,1,0.607758532,-1.219255215,12,0,0,0,0,1,1,-0.660620945,0.3157426
451,0,0,0,0,0,0,0,0,0,0,11,6,1.570928307,0.461089088,7,1,3,0,0,1,1,-0.300420647,-0.990262866
452,1,1,0,0,1,2,1,2,1,5,11,12,0.192417282,-0.343327765,12,1,160,1,2,1,1,-0.247157658,0.204068769
453,1,1,0,0,1,1,1,5,1,7,12,8,-0.461481484,-0.343327765,10,0,0,0,0,1,1,-0.314801031,0.427416431
454,0,0,0,0,0,0,0,0,0,0,12,4,1.22630055,-0.414838362,9,1,4,0,0,0,1,-0.095675215,0.155664552
455,0,0,0,0,0,0,1,1,1,1,4,2,1.22630055,1.30126124,14,1,1,1,1,0,1,0.251287191,1.621748065
456,0,0,0,0,0,0,0,0,0,0,9,4,0.192417282,-0.78129149,13,0,0,0,0,0,1,-0.620572316,-1.373688575
457,1,2,1,1,1,2,1,6,1,10,11,7,-1.424651258,0.058880662,14,1,11,0,0,0,1,-0.356056261,-0.878589035
458,0,0,0,0,0,0,0,0,0,0,13,1,2.534098081,2.543641819,15,1,4,0,0,1,2,0.988298439,1.621748065
459,0,0,0,0,0,0,0,0,0,0,7,2,2.189470325,0.899052814,13,1,5,0,0,1,1,-1.792640051,-1.262014744
460,0,0,0,0,0,0,0,0,0,0,3,0,2.189470325,2.945850246,12,0,0,0,0,1,1,-0.193638508,-0.67445648
461,0,0,0,0,0,0,0,0,0,0,8,1,1.500214813,2.945850246,11,0,0,0,0,1,3,-0.347867711,-0.766915204
462,1,1,0,0,0,0,0,0,1,1,17,5,-0.461481484,-0.379083064,12,1,11,0,0,1,1,1.009422854,-0.160141595
463,0,0,0,0,0,0,1,12,1,12,13,10,0.917029541,1.667714369,5,1,20,0,0,0,1,0.797329786,-0.271815426
464,0,0,0,0,0,0,0,0,0,0,15,5,-0.116853727,0.934808112,14,0,0,0,0,1,1,-0.301562612,1.398399926
465,0,0,0,0,0,0,1,1,1,1,14,6,-2.697092042,-0.343327765,7,1,10,0,0,1,1,0.851835742,0.427416431
466,0,0,0,0,1,1,0,0,1,1,3,4,1.500214813,0.058880662,14,1,1,1,1,0,1,-0.040999271,-0.67445648
467,0,0,0,0,0,0,0,0,0,0,9,2,2.189470325,0.863297515,12,0,0,0,0,1,3,1.445398892,1.621748065
468,0,0,0,0,0,0,0,0,0,0,7,2,1.155587057,1.265505942,12,1,5,0,0,1,1,1.987070405,1.238322356
469,1,1,0,0,1,7,0,0,1,8,12,6,-0.08149698,0.42533379,13,1,1,0,0,1,1,-1.24081915,0.267338622
470,0,0,0,0,0,0,0,0,0,0,12,5,-1.424651258,-2.461635794,9,1,3,0,0,1,1,-0.703293511,0.379012453
471,1,1,0,0,0,0,0,0,1,1,10,6,-2.317107539,-0.414838362,12,1,3,0,0,1,1,0.601563696,0.379012453
472,1,1,0,0,0,0,1,1,1,2,24,9,-1.733922268,-1.585708344,12,1,110,1,2,1,1,-0.141405588,1.621748065
473,0,0,1,7,1,6,1,3,1,13,3,17,-3.350990808,-3.77552697,5,1,104,1,1,0,1,1.158207116,0.743222816
474,0,0,0,0,0,0,0,0,0,0,10,5,-0.426124737,0.934808112,13,1,5,0,0,0,3,-1.204277457,-1.262014744
475,0,0,0,0,0,0,0,0,0,0,10,9,-0.735395746,0.42533379,9,1,12,0,0,1,1,0.823169942,0.92251597
476,0,0,0,0,0,0,0,0,0,0,14,1,0.881672794,0.058880662,12,1,5,0,0,1,1,0.129920016,1.126648525
477,0,0,0,0,0,0,0,0,0,0,8,1,1.22630055,1.739224966,11,0,0,0,0,1,1,-0.96015976,0.155664552
478,0,0,0,0,0,0,0,0,0,0,4,7,0.537045038,0.09463596,14,1,16,0,0,1,1,-0.939930065,-1.213610527
479,0,0,0,0,0,0,0,0,0,0,16,4,-1.663208774,0.023125363,7,1,103,1,1,1,1,0.791188228,0.631548509
480,0,0,0,0,0,0,0,0,0,0,12,3,-1.389294511,0.863297515,13,0,0,0,0,0,1,1.14099638,-0.067683109
481,0,0,0,0,0,0,0,0,0,0,8,5,1.22630055,0.42533379,15,1,3,0,0,1,1,-0.737203239,0.3157426
482,0,0,0,0,0,0,0,0,0,0,9,0,2.534098081,2.945850246,16,0,0,0,0,1,1,0.675618514,0.519874916
483,0,0,0,0,0,0,0,0,0,0,11,11,-1.009310008,0.461089088,9,1,5,0,0,0,1,0.429410463,-0.655241373
484,0,0,0,0,0,0,0,0,0,0,12,9,-0.010783487,-1.219255215,10,1,50,0,0,1,1,1.430814046,0.650764092
485,0,0,0,0,0,0,0,0,0,0,8,3,0.263130776,-1.692974239,11,0,0,0,0,0,1,-0.174654453,-0.431893473
486,0,0,0,0,0,0,0,0,0,0,12,9,0.537045038,2.141433392,7,1,70,0,0,1,1,-0.174654453,1.349996187
487,0,0,0,0,0,0,0,0,0,0,8,9,-0.735395746,-2.461635794,10,1,30,0,0,1,1,0.153148396,0.7624384
488,0,0,0,0,0,0,0,0,0,0,11,5,2.534098081,-0.674025595,12,0,0,0,0,1,3,-0.372726651,-0.703645113
489,1,1,0,0,0,0,0,0,1,1,11,8,-3.315634061,-3.337563245,11,1,4,0,0,1,1,1.191425482,1.238322356
490,1,4,0,0,1,1,1,4,1,9,12,8,-1.424651258,-0.379083064,10,1,26,1,1,1,1,-0.46675341,-0.543567304
491,0,0,0,0,1,3,0,0,1,3,9,7,-1.389294511,-0.817046789,10,1,104,0,0,0,1,0.448060513,-0.116087087
492,1,28,0,0,1,6,0,0,1,36,18,16,-3.112433292,-1.585708344,7,1,27,1,2,0,1,-0.328738976,-0.766915204
493,0,0,0,0,0,0,0,0,0,0,12,5,0.501688291,0.934808112,9,1,50,0,0,1,1,1.009021238,-0.291031009
494,1,3,0,0,1,20,1,1,1,25,24,8,-0.461481484,-1.255010514,7,1,5,0,0,0,1,0.582502167,-0.431893473
495,0,0,0,0,0,0,0,0,0,0,8,2,1.155587057,2.543641819,9,1,2,0,0,0,1,1.158207116,-0.543567304
496,0,0,0,0,0,0,0,0,0,0,7,3,2.189470325,1.703469667,14,1,1,0,0,1,1,-1.340567183,-1.849572769
497,0,0,0,0,0,0,0,0,0,0,9,6,0.846316047,-0.379083064,14,0,0,0,0,1,1,1.444245035,0.3157426
498,1,50,0,0,0,0,1,3,1,53,13,8,-4.623431592,-2.935354818,9,1,52,0,0,1,1,-1.207327073,-0.766915204
499,0,0,0,0,0,0,0,0,0,0,14,1,-1.627852027,1.739224966,10,1,20,0,0,0,1,1.133201986,0.743222816
500,0,0,0,0,0,0,0,0,0,0,12,2,1.570928307,0.863297515,11,0,0,0,0,0,1,0.364634413,0.539090261
501,0,0,0,0,0,0,0,0,0,0,12,2,1.155587057,0.496844387,12,1,4,0,0,0,1,-1.034295541,-0.655241373
502,0,0,0,0,0,0,0,0,0,0,8,3,-2.078550024,-3.77552697,4,1,21,0,0,0,1,0.795947402,-0.40270484
503,0,0,0,0,0,0,0,0,0,0,4,1,2.534098081,1.739224966,16,0,0,0,0,1,1,-1.464381683,-0.198572285
504,0,0,0,0,0,0,0,0,0,0,11,5,-1.389294511,-0.379083064,14,1,21,0,0,0,1,0.569229073,0.854896647
505,0,0,0,0,0,0,0,0,0,0,18,17,-2.078550024,-1.657218941,5,1,12,1,3,1,1,1.880735493,1.733421896
506,1,6,1,1,1,7,0,0,1,17,12,6,-2.352464286,-2.899599519,11,1,9,1,1,1,1,-0.057169289,1.733421896
507,0,0,1,5,1,3,1,16,1,43,15,17,-3.421704302,-2.390125198,11,0,0,1,4,0,1,-1.432359172,-0.383489495
508,0,0,0,0,1,6,1,3,1,10,15,10,-0.461481484,-0.343327765,13,1,50,1,1,1,1,-0.585867075,-0.160141595
509,0,0,0,0,0,0,1,4,1,4,13,8,-0.187567221,2.141433392,16,1,8,0,0,1,1,-0.30693839,-1.597036236
510,0,0,0,0,0,0,0,0,0,0,19,2,1.261657297,-0.817046789,12,1,3,0,0,1,1,1.798338996,1.621748065
511,0,0,0,0,0,0,1,2,1,2,18,9,-1.663208774,2.945850246,12,1,1,0,0,1,1,0.760998894,1.621748065
512,0,0,0,0,0,0,0,0,0,0,5,2,2.189470325,2.945850246,16,0,0,0,0,1,3,1.695148076,-0.703645113
513,0,0,0,0,0,0,0,0,0,0,7,5,1.22630055,0.130391258,11,1,1,0,0,1,1,1.41863868,1.126648525
514,0,0,0,0,0,0,0,0,0,0,8,6,1.844842569,1.30126124,13,1,20,0,0,1,1,-0.89750022,0.063206067
515,0,0,0,0,0,0,0,0,0,0,13,1,1.53557156,1.337016539,11,1,1,0,0,0,1,0.906786371,0.539090261
516,0,0,0,0,0,0,0,0,0,0,10,2,2.189470325,2.141433392,12,0,0,0,0,1,1,-0.278108944,-0.291031009
517,0,0,0,0,0,0,0,0,0,0,9,4,0.537045038,0.058880662,11,1,3,0,0,0,1,1.261343831,0.810842139
518,0,0,0,0,0,0,1,1,1,1,5,11,2.534098081,1.30126124,15,0,0,0,0,0,1,-1.349112641,-1.373688575
519,0,0,0,0,0,0,0,0,0,0,10,4,1.500214813,1.30126124,14,1,5,0,0,1,1,-0.863733771,-0.383489495
520,0,0,0,0,0,0,0,0,0,0,13,2,1.22630055,0.496844387,14,0,0,0,0,1,3,0.795947402,0.810842139
521,0,0,0,0,1,30,1,10,1,48,12,11,-0.735395746,-1.183499917,12,1,80,0,0,0,1,0.040388922,0.631548509
522,1,1,1,3,1,7,1,2,1,11,20,13,-4.349517329,-3.739771671,15,1,20,1,2,0,1,0.342250099,0.427416431
523,0,0,0,0,0,0,0,0,0,0,19,5,-0.700038999,-1.183499917,7,1,23,0,0,1,1,0.749205451,1.126648525
524,0,0,0,0,0,0,0,0,0,0,11,7,0.192417282,-0.343327765,13,1,11,0,0,1,1,-0.756976813,-0.689322355
525,0,0,0,0,0,0,0,0,0,0,12,7,-0.735395746,-2.425880496,8,0,0,0,0,0,1,-1.105373722,-0.160141595
526,0,0,0,0,0,0,0,0,0,0,13,9,-4.004889573,-3.337563245,3,1,22,0,0,0,1,0.342250099,1.621748065
527,0,0,0,0,0,0,0,0,0,0,5,2,2.189470325,2.945850246,7,1,3,0,0,1,1,1.987070405,1.238322356
528,1,4,0,0,0,0,0,0,1,4,11,9,0.881672794,0.863297515,12,1,50,1,2,1,1,1.445398892,-0.019279131
529,0,0,0,0,0,0,0,0,0,0,5,2,1.500214813,2.141433392,15,1,3,0,0,0,1,-0.46675341,0.043990722
530,1,2,0,0,0,0,0,0,1,2,23,6,-3.969532826,-0.817046789,4,1,10,1,3,1,1,1.676111474,0.810842139
531,0,0,0,0,0,0,0,0,0,0,6,4,1.844842569,0.532599685,8,1,1,0,0,1,1,-0.257732145,-0.291031009
532,1,1,0,0,0,0,0,0,1,1,7,2,2.224827072,-0.379083064,12,1,8,1,1,1,1,0.504950775,0.043990722
533,0,0,0,0,0,0,0,0,0,0,10,6,-1.804635761,1.30126124,15,1,9,0,0,0,1,-1.155734009,0.0923947
534,0,0,0,0,0,0,0,0,0,0,17,10,1.500214813,-2.023672069,12,1,26,0,0,1,1,-1.048383848,-0.160141595
535,0,0,0,0,0,0,0,0,0,0,8,1,-0.426124737,0.532599685,10,0,0,0,0,0,2,-1.735919937,-1.213610527
536,0,0,0,0,0,0,0,0,0,0,15,0,1.844842569,1.337016539,14,0,0,0,0,0,1,-0.960767264,-0.737726571
537,0,0,0,0,0,0,0,0,0,0,7,2,2.189470325,0.863297515,12,1,2,0,0,1,1,-0.554688712,-0.271815426
538,1,12,1,185,1,183,1,6,1,391,12,13,-4.004889573,-2.425880496,11,1,52,1,2,0,1,0.468219329,0.7624384
539,0,0,0,0,0,0,0,0,0,0,9,1,2.189470325,2.105678094,12,1,1,0,0,1,1,-1.324432341,-2.07292055
540,1,1,0,0,0,0,0,0,1,1,13,6,-0.08149698,1.265505942,11,1,2,0,0,1,1,-0.903731097,-0.383489495
541,0,0,0,0,0,0,0,0,0,0,10,5,-1.318581018,0.461089088,12,1,20,0,0,0,1,-0.238659235,0.3157426
542,0,0,0,0,0,0,0,0,0,0,12,1,1.570928307,2.069922796,11,1,48,0,0,0,1,-0.960767264,-0.766915204
543,1,1,0,0,0,0,0,0,1,1,12,10,-0.496838231,0.934808112,13,1,21,0,0,1,1,0.892436046,0.587494478
544,0,0,0,0,0,0,0,0,0,0,6,4,-3.589548323,0.023125363,4,1,10,0,0,1,1,1.264400677,1.238322356
545,0,0,0,0,0,0,0,0,0,0,8,0,2.534098081,1.265505942,15,0,0,0,0,1,3,-0.188575486,0.539090261
546,0,0,0,0,0,0,0,0,0,0,NA,NA,NA,NA,9,0,0,0,0,0,1,1.648539285,0.427416431
547,0,0,0,0,0,0,0,0,0,0,11,3,0.537045038,0.058880662,11,0,0,0,0,0,1,-0.217524121,-0.019279131
548,0,0,0,0,0,0,0,0,0,0,11,1,0.537045038,1.265505942,6,1,15,0,0,0,1,-0.939930065,-2.407942162
549,0,0,0,0,1,1,0,0,1,1,7,7,1.844842569,1.739224966,6,1,2,0,0,1,1,1.337432896,1.034189801
550,0,0,0,0,0,0,0,0,0,0,3,4,1.22630055,1.265505942,11,1,3,0,0,1,1,-1.44593974,0.3157426
551,0,0,0,0,0,0,0,0,0,0,6,4,1.570928307,0.058880662,13,1,2,1,1,0,1,0.258692037,-0.048467764
552,0,0,0,0,0,0,1,1,1,1,9,9,0.192417282,-0.343327765,9,1,5,0,0,1,1,-0.051423122,-0.160141595
553,0,0,0,0,1,3,0,0,1,3,13,3,-0.355411243,-1.219255215,11,1,285,1,1,0,1,-0.733317688,-0.111737617
554,0,0,0,0,1,2,0,0,1,2,10,6,-1.389294511,0.496844387,8,1,52,0,0,0,1,1.009422854,-1.373688575
555,0,0,0,0,0,0,0,0,0,0,13,13,-3.730975311,-3.704016373,14,1,20,0,0,1,1,-0.36856637,-0.543567304
556,0,0,0,0,0,0,0,0,1,1,10,3,0.192417282,0.863297515,11,1,4,0,0,1,1,-1.171852171,-0.67445648
557,0,0,0,0,0,0,0,0,0,0,13,2,0.846316047,0.058880662,9,0,0,0,0,0,3,-0.301562612,-1.038666844
558,0,0,0,0,0,0,0,0,0,0,6,4,1.190943803,0.130391258,11,1,100,0,0,1,1,0.886904194,-0.116087087
559,1,10,0,0,0,0,1,1,1,11,9,8,-0.046140234,-0.78129149,8,1,6,0,0,1,1,-1.366066984,-1.485362405
560,0,0,0,0,0,0,0,0,0,0,8,5,2.189470325,-1.183499917,15,0,0,1,2,0,3,0.661843688,-0.766915204
561,0,0,0,0,0,0,1,2,1,2,7,2,1.190943803,2.945850246,10,1,12,1,2,0,1,-0.591717491,-1.165206549
562,1,7,0,0,1,3,1,3,1,13,9,7,-1.424651258,-2.095182666,12,1,17,0,0,1,1,-0.791997641,-0.271815426
563,0,0,0,0,0,0,0,0,0,0,16,5,-1.115380249,-1.183499917,9,1,52,1,4,0,1,1.72493035,1.238322356
564,0,0,1,42,0,0,1,7,1,49,21,16,-3.695618564,-1.183499917,15,1,1,0,0,0,1,-1.528420254,1.034189801
565,0,0,0,0,0,0,0,0,0,0,10,1,1.500214813,2.543641819,13,0,0,0,0,0,1,-0.209437734,-0.514378671
566,0,0,0,0,0,0,0,0,0,0,10,1,0.572401785,1.703469667,13,1,5,0,0,1,1,-0.591717491,0.810842139
567,0,0,0,0,0,0,0,0,0,0,12,9,2.224827072,2.105678094,8,0,0,1,1,0,3,-0.693960392,0.427416431
568,0,0,1,1,1,2,1,100,1,103,15,9,-3.041719798,-3.739771671,12,0,0,0,0,1,3,0.636937356,-0.591971282
569,0,0,0,0,0,0,0,0,0,0,7,0,2.189470325,2.069922796,8,0,0,0,0,0,1,0.168605183,0.539090261
570,0,0,0,0,0,0,0,0,0,0,8,2,-0.80610924,0.42533379,9,1,2,1,1,1,1,1.494722571,0.204068769
571,0,0,0,0,1,2,0,0,1,2,15,11,0.607758532,2.543641819,10,0,0,0,0,1,3,0.80858539,-0.591971282
572,0,0,0,0,0,0,0,0,0,0,7,1,0.881672794,1.337016539,9,1,12,0,0,1,1,-1.803572212,-2.407942162
573,0,0,0,0,0,0,0,0,0,0,7,3,1.22630055,0.863297515,7,0,0,0,0,1,1,-1.46323973,-1.402877207
574,0,0,0,0,0,0,0,0,0,0,7,0,2.189470325,0.42533379,12,0,0,0,0,0,1,-1.207327073,-0.067683109
575,0,0,0,0,0,0,0,0,0,0,4,1,0.846316047,0.863297515,10,1,33,0,0,1,1,-0.22036195,-0.320219642
576,0,0,0,0,1,1,0,0,1,1,14,8,1.500214813,0.899052814,8,1,20,1,2,1,1,0.726194805,-0.339434987
577,0,0,0,0,0,0,1,1,1,1,7,7,-1.318581018,-2.935354818,6,1,10,1,3,1,1,-0.561118961,1.034189801
578,1,1,0,0,1,20,1,10,1,33,13,11,-2.078550024,0.023125363,8,1,120,0,0,1,2,0.040388922,1.510074234
579,0,0,0,0,1,2,1,3,1,5,20,9,-1.733922268,-2.390125198,15,1,1,0,0,0,1,0.750466587,1.238322356
580,0,0,0,0,1,1,0,0,1,1,9,9,1.53557156,0.863297515,10,1,152,0,0,0,1,1.141001491,0.155664552
581,1,1,0,0,0,0,1,2,1,3,15,14,-0.770752493,0.023125363,12,1,52,0,0,0,1,-1.177371498,-2.07292055
582,0,0,0,0,1,3,1,1,1,4,15,3,-0.700038999,-0.343327765,13,0,0,0,0,0,2,0.206231305,-0.606837157
583,0,0,0,0,0,0,0,0,0,0,6,2,2.189470325,2.141433392,14,1,4,0,0,1,1,0.127101173,1.014974217
584,0,0,0,0,1,2,1,1,1,3,14,3,-0.08149698,0.42533379,14,0,0,0,0,0,1,-1.030066572,1.034189801
585,0,0,0,0,0,0,0,0,0,0,19,4,-0.116853727,-0.414838362,11,1,30,0,0,1,1,1.066716401,0.539090261
586,0,0,0,0,0,0,0,0,0,0,9,8,-0.152210474,-0.343327765,12,0,0,0,0,0,1,1.695148076,0.3157426
587,0,0,0,0,0,0,0,0,0,0,24,3,-5.312687104,-7.136215578,10,1,50,0,0,1,1,1.548428378,1.126648525
588,0,0,0,0,0,0,0,0,0,0,11,13,-1.318581018,-2.461635794,8,0,0,0,0,0,1,1.095950379,0.903300863
589,0,0,0,0,0,0,0,0,0,0,8,0,-1.080023502,-0.852802087,15,1,10,0,0,1,1,-0.794672257,-1.373688575
590,0,0,0,0,0,0,0,0,0,0,9,6,1.844842569,0.863297515,15,1,10,1,1,1,1,0.268801252,0.3157426
591,0,0,0,0,0,0,0,0,0,0,16,9,1.190943803,1.30126124,14,0,0,0,0,1,3,-0.465455927,0.650764092
592,0,0,0,0,0,0,0,0,0,0,16,2,2.189470325,1.703469667,12,1,1,0,0,1,1,0.392375768,0.267338622
593,0,0,0,0,0,0,0,0,0,0,3,3,2.189470325,2.105678094,14,1,10,1,1,0,1,-0.124358208,-0.431893473
594,0,0,0,0,0,0,0,0,0,0,16,12,1.53557156,0.934808112,10,0,0,0,0,0,1,0.136042581,0.204068769
595,0,0,0,0,0,0,1,2,1,2,9,5,1.190943803,1.739224966,9,1,6,0,0,1,1,-0.852545966,0.3157426
596,0,0,0,0,1,2,0,0,1,2,17,9,-1.663208774,-1.621463642,10,1,12,0,0,1,1,-0.750833188,0.204068769
597,0,0,0,0,1,1,0,0,1,1,7,5,0.846316047,-1.692974239,14,0,0,0,0,1,3,-0.465455927,0.063206067
598,0,0,0,0,0,0,1,1,1,1,9,3,1.844842569,2.945850246,8,1,104,1,1,0,1,0.783586402,0.854896647
599,1,5,0,0,1,2,0,0,1,7,12,6,-1.733922268,0.023125363,8,1,15,0,0,1,1,1.191425482,0.874111754
600,0,0,0,0,0,0,1,1,1,1,10,7,1.155587057,0.023125363,11,1,52,1,2,0,1,0.603905168,1.126648525
601,1,4,0,0,1,1,1,2,1,9,14,9,-2.00783653,0.09463596,8,1,20,1,1,1,3,1.068912418,-0.431893473
602,0,0,0,0,1,2,0,0,1,2,9,6,-0.08149698,-0.343327765,8,0,0,0,0,1,3,0.24773894,0.810842139
603,0,0,0,0,0,0,0,0,0,0,3,7,-2.149263518,2.507886521,10,1,8,0,0,1,1,-0.598822815,0.3157426
604,0,0,0,0,0,0,0,0,0,0,17,2,-0.08149698,-1.219255215,6,0,0,0,0,1,1,-0.314801031,0.3157426
605,0,0,0,0,0,0,0,0,0,0,12,2,0.572401785,-0.414838362,16,1,1,0,0,1,1,1.676111474,1.034189801
606,0,0,0,0,0,0,0,0,0,0,13,2,1.915556063,1.265505942,5,1,4,0,0,1,1,0.636937356,0.043990722
607,0,0,0,0,0,0,0,0,0,0,10,6,-0.426124737,0.461089088,14,1,15,0,0,1,1,-0.051423122,-0.543567304
608,0,0,0,0,0,0,0,0,0,0,14,5,-1.389294511,-0.343327765,6,1,1,0,0,0,1,2.160527383,1.286726572
609,0,0,0,0,0,0,0,0,0,0,9,4,-3.660261817,0.863297515,8,0,0,0,0,0,1,1.013613357,1.126648525
610,0,0,0,0,0,0,0,0,0,0,9,6,-2.078550024,-2.461635794,6,1,16,1,4,0,2,-0.240033864,1.126648525
611,1,2,0,0,0,0,1,14,1,16,17,11,-2.352464286,-0.379083064,11,0,0,0,0,0,1,1.035350683,0.427416431
612,0,0,0,0,0,0,0,0,0,0,5,1,1.22630055,-0.379083064,10,1,6,0,0,1,2,1.880735493,1.126648525
613,0,0,0,0,0,0,0,0,0,0,6,6,1.155587057,-0.343327765,9,0,0,0,0,0,1,-0.916182232,-1.548632258
614,0,0,0,0,0,0,0,0,0,0,7,3,1.844842569,2.945850246,12,1,11,0,0,1,1,-1.465529042,-1.101936696
615,0,0,0,0,0,0,0,0,0,0,10,3,2.534098081,2.141433392,6,1,20,1,3,1,1,1.618584343,0.650764092
616,1,1,0,0,0,0,1,3,1,4,12,12,-2.661735295,-0.852802087,5,0,0,0,0,0,2,-0.699209851,NA
617,0,0,0,0,1,1,1,12,1,13,18,12,-1.663208774,-1.585708344,10,1,2,0,0,1,1,-0.162095536,0.587494478
618,0,0,0,0,0,0,0,0,0,0,9,5,1.22630055,-0.379083064,6,0,0,0,0,0,1,1.343852597,-1.150340913
619,0,0,0,0,0,0,0,0,0,0,5,0,-0.355411243,0.863297515,7,1,11,0,0,1,1,-1.57685147,-1.932057967
620,1,3,0,0,1,1,0,0,1,4,17,7,0.192417282,-0.379083064,5,1,52,1,4,1,1,1.548428378,-0.116087087
621,1,2,1,2,1,22,1,4,1,40,21,18,-3.589548323,-2.238203859,11,0,0,0,0,1,3,-1.891408975,0.204068769
622,0,0,0,0,0,0,0,0,0,0,10,3,-2.043193277,0.023125363,7,1,16,1,2,0,1,1.157780995,1.621748065
623,0,0,1,1,0,0,1,6,1,8,19,5,-0.700038999,-3.373318543,14,0,0,0,0,1,1,1.494722571,0.854896647
624,0,0,0,0,0,0,0,0,0,0,10,4,0.8109593,-0.012629935,6,1,12,0,0,1,1,1.798338996,1.126648525
625,0,0,0,0,0,0,0,0,0,0,4,1,0.607758532,-0.78129149,8,0,0,0,0,1,1,-0.051423122,0.427416431
626,1,17,0,0,1,2,0,0,1,21,15,14,-3.041719798,0.496844387,7,1,40,0,0,1,1,0.400468103,-0.451108818
627,1,5,0,0,0,0,0,0,1,5,14,8,-1.353937764,-2.023672069,10,0,0,0,0,0,3,-1.325650446,0.810842139
628,0,0,0,0,0,0,0,0,0,0,7,1,1.155587057,2.945850246,11,0,0,0,0,0,1,0.040388922,-0.543567304
629,0,0,0,0,0,0,0,0,0,0,6,1,1.500214813,2.141433392,5,1,10,0,0,0,1,1.133201986,0.650764092
630,0,0,0,0,0,0,1,2,1,2,11,4,1.500214813,1.265505942,7,0,0,0,0,0,1,0.976093286,1.349996187
631,1,7,0,0,0,0,1,10,1,17,14,12,-2.078550024,-5.52738187,9,1,3,0,0,1,1,-0.96015976,0.3157426
632,0,0,0,0,0,0,0,0,0,0,7,1,2.189470325,2.543641819,15,0,0,0,0,0,1,-1.419654718,-1.101936696
633,0,0,0,0,0,0,0,0,0,0,8,1,2.189470325,0.42533379,13,0,0,0,0,1,3,0.661843688,-0.383489495
634,0,0,0,0,0,0,0,0,0,0,4,2,1.880199316,1.337016539,15,1,3,0,0,1,1,1.444245035,0.539090261
635,0,0,0,0,0,0,0,0,0,0,5,11,0.846316047,0.899052814,12,1,20,0,0,1,2,-0.965814294,-0.383489495
636,1,10,1,2,0,0,1,5,1,16,17,11,-0.39076799,0.461089088,13,1,50,1,1,1,1,1.572118218,0.539090261
637,0,0,1,7,1,1,1,7,1,11,18,9,-2.00783653,-3.77552697,12,1,110,1,1,0,1,-0.591717491,-0.766915204
638,1,12,1,1,1,17,1,3,1,33,15,11,-2.078550024,-0.745536192,13,1,1,0,0,0,1,0.477476931,0.043990722
639,0,0,0,0,0,0,0,0,0,0,10,2,1.570928307,-0.379083064,10,1,1,0,0,1,1,-1.324432341,-1.213610527
640,0,0,0,0,0,0,0,0,0,0,8,1,1.570928307,-0.343327765,11,1,1,0,0,1,2,-1.048383848,-0.655241373
641,0,0,0,0,0,0,0,0,0,0,10,1,1.22630055,0.934808112,10,1,52,0,0,0,1,-1.735919937,-1.548632258
642,1,3,0,0,1,1,0,0,1,4,6,4,-0.355411243,-0.817046789,6,1,2,0,0,0,1,0.998713749,0.427416431
643,0,0,0,0,1,4,1,5,1,12,15,8,0.263130776,-1.219255215,11,0,0,0,0,1,3,-0.368151687,-0.004413256
644,0,0,0,0,0,0,0,0,0,0,12,2,1.844842569,0.863297515,14,1,7,0,0,0,1,0.659636632,0.650764092
645,1,1,1,1,1,3,1,2,1,7,8,15,-1.009310008,-1.585708344,10,1,5,0,0,0,1,0.206231305,0.427416431
646,1,25,1,6,1,3,0,0,1,34,18,7,-2.971006305,2.945850246,16,1,7,0,0,1,2,-1.375102747,0.427416431
647,0,0,0,0,0,0,0,0,0,0,10,4,0.8109593,0.899052814,6,1,12,0,0,1,1,1.880735493,0.650764092
648,0,0,0,0,1,6,1,10,1,16,19,9,-2.078550024,-2.497391093,16,1,11,0,0,1,1,-1.386733718,-0.40270484
649,0,0,0,0,0,0,0,0,0,0,18,5,2.534098081,2.945850246,15,1,1,0,0,0,1,-0.885274687,-0.067683109
650,0,0,0,0,0,0,0,0,0,0,19,6,1.570928307,1.30126124,7,0,0,0,0,1,1,1.695148076,0.568278894
651,0,0,0,0,0,0,0,0,0,0,11,7,0.881672794,2.945850246,8,0,0,0,0,0,3,1.466429674,0.427416431
652,0,0,0,0,0,0,0,0,0,0,14,4,0.501688291,1.337016539,13,0,0,0,0,0,1,0.574078723,1.510074234
653,0,0,0,0,0,0,0,0,0,0,7,1,1.880199316,2.141433392,12,1,2,0,0,1,1,-0.310497707,-0.699295642
654,0,0,0,0,1,1,0,0,1,1,9,3,-0.08149698,0.023125363,11,1,5,0,0,0,1,1.676111474,1.014974217
655,0,0,0,0,1,1,0,0,1,1,6,6,0.607758532,0.934808112,12,0,0,0,0,0,1,-0.615741859,-0.208545573
656,0,0,0,0,0,0,0,0,0,0,12,1,1.155587057,0.827542217,1,1,15,1,1,0,1,1.264400677,1.238322356
657,0,0,1,2,1,45,1,7,1,53,18,14,-3.077076545,-3.704016373,12,0,0,0,0,0,1,0.574078723,1.349996187
658,0,0,0,0,0,0,0,0,0,0,5,2,1.570928307,2.105678094,10,1,4,1,1,0,1,0.016638328,0.650764092
659,0,0,0,0,0,0,0,0,0,0,12,5,-1.424651258,-0.817046789,16,1,4,0,0,1,1,-1.44593974,-0.655241373
660,0,0,0,0,0,0,0,0,0,0,5,5,-0.973953261,1.703469667,11,0,0,0,0,1,1,-1.252869072,-1.597036236
661,0,0,0,0,0,0,0,0,0,0,10,1,1.844842569,0.461089088,15,1,20,0,0,0,1,-0.829481279,0.587494478
662,1,2,0,0,1,3,1,2,1,7,9,6,-0.426124737,1.739224966,10,1,12,0,0,0,1,-0.192905642,-2.407942162
663,0,0,0,0,1,1,0,0,1,1,14,8,0.157060535,0.496844387,12,0,0,0,0,0,1,-0.009949669,0.650764092
664,0,0,0,0,0,0,0,0,0,0,10,4,1.155587057,-0.379083064,8,0,0,0,0,0,2,-0.354475013,-0.495163326
665,0,0,0,0,0,0,0,0,0,0,4,3,2.534098081,1.667714369,9,1,1,0,0,0,1,0.342250099,0.267338622
666,0,0,0,0,0,0,0,0,0,0,11,5,1.22630055,0.496844387,9,0,0,0,0,0,3,1.068912418,-1.373688575
667,0,0,0,0,0,0,1,7,1,7,11,5,-0.426124737,0.899052814,6,1,1,0,0,1,1,-0.913840389,-1.262014744
668,0,0,0,0,0,0,0,0,0,0,6,5,2.534098081,-0.45059366,14,1,2,0,0,1,1,1.124144655,0.539090261
669,0,0,0,0,0,0,0,0,0,0,8,2,1.22630055,-0.745536192,14,1,12,0,0,1,1,-1.048383848,-2.07292055
670,0,0,0,0,0,0,1,1,1,1,13,6,1.190943803,0.863297515,8,1,15,0,0,1,1,0.270319593,-1.325284358
671,0,0,0,0,0,0,0,0,0,0,9,3,-2.387821033,0.863297515,8,1,12,0,0,0,1,1.337432896,1.510074234
672,0,0,0,0,0,0,0,0,0,0,9,17,-3.730975311,-2.899599519,6,1,20,0,0,0,1,1.158971388,1.126648525
673,0,0,0,0,1,1,0,0,1,1,12,11,-3.006363052,0.863297515,4,1,20,0,0,1,1,-1.204277457,-0.160141595
674,0,0,0,0,0,0,1,1,1,1,13,12,-2.00783653,0.532599685,8,1,10,0,0,1,1,1.444245035,0.155664552
675,0,0,0,0,0,0,1,1,1,1,7,6,-0.355411243,0.42533379,10,1,3,0,0,0,1,1.676111474,1.733421896
676,0,0,0,0,0,0,0,0,0,0,7,4,0.881672794,-2.935354818,3,1,21,1,4,0,1,1.648539285,0.3157426
677,1,3,1,3,1,9,1,12,1,29,17,12,-3.386347555,-2.899599519,12,1,2,0,0,0,1,-1.13071642,-0.019279131
678,0,0,0,0,1,3,0,0,1,3,15,8,-2.352464286,-2.059427367,8,1,4,0,0,1,1,1.581714008,-0.067683109
679,0,0,0,0,0,0,0,0,0,0,12,7,2.189470325,0.863297515,13,0,0,0,0,1,3,-0.713457185,0.427416431
680,0,0,0,0,0,0,0,0,0,0,7,5,2.534098081,2.105678094,16,1,20,0,0,1,1,-1.174357393,-0.383489495
681,0,0,0,0,0,0,0,0,0,0,8,2,0.607758532,1.30126124,9,1,52,1,1,1,2,0.400468103,0.379012453
682,0,0,0,0,1,1,1,3,1,4,10,10,-1.733922268,-0.78129149,5,1,5,0,0,0,2,0.173941899,-0.514378671
683,0,0,0,0,0,0,0,0,0,0,9,5,0.263130776,0.899052814,11,1,5,0,0,1,1,0.157327343,-0.40270484
684,0,0,0,0,0,0,0,0,0,0,9,3,1.844842569,2.141433392,10,1,29,0,0,1,1,1.775128442,0.7624384
685,0,0,0,0,0,0,0,0,0,0,11,3,-2.113906771,-2.533146391,12,1,1,0,0,1,1,0.658655685,0.810842139
686,0,0,0,0,0,0,1,3,1,3,7,3,1.570928307,1.265505942,7,1,3,0,0,0,3,0.393868835,0.379012453
687,0,0,0,0,0,0,1,2,1,2,15,8,-0.700038999,-1.219255215,14,1,51,1,1,1,1,0.127101173,1.238322356
688,1,6,0,0,1,6,0,0,1,12,17,11,-2.42317778,-2.899599519,10,1,12,0,0,0,1,0.692234334,0.7624384
689,0,0,0,0,0,0,1,1,1,1,8,4,0.572401785,-1.657218941,8,0,0,0,0,0,2,0.990860305,1.733421896
690,0,0,0,0,0,0,0,0,0,0,14,1,0.192417282,0.461089088,14,1,2,0,0,1,1,-0.869785744,-1.038666844
691,0,0,0,0,0,0,0,0,0,0,8,0,-0.770752493,-1.183499917,12,1,3,0,0,0,1,-1.44593974,0.3157426
692,0,0,0,0,0,0,0,0,0,0,7,1,1.844842569,0.899052814,15,1,8,1,1,0,3,-0.660239439,1.510074234
693,0,0,0,0,0,0,0,0,0,0,11,2,-2.00783653,0.058880662,9,1,1,0,0,0,1,0.629785465,-1.213610527
694,0,0,0,0,0,0,1,10,1,10,12,5,1.570928307,0.09463596,12,1,10,0,0,1,1,-0.277227035,-0.606837157
695,1,1,0,0,0,0,0,0,1,1,8,5,1.844842569,-2.095182666,10,0,0,0,0,0,1,1.158207116,-0.543567304
696,0,0,0,0,0,0,0,0,0,0,8,1,2.534098081,1.739224966,13,1,4,0,0,0,1,1.004118516,0.427416431
697,0,0,0,0,0,0,0,0,0,0,16,9,-1.663208774,0.899052814,13,1,20,1,2,0,1,-1.57685147,-0.961074233
698,0,0,0,0,0,0,1,3,1,3,19,2,2.534098081,0.863297515,12,1,40,0,0,0,1,0.192514796,-0.291031009
699,0,0,0,0,1,8,0,0,1,8,11,9,1.500214813,0.023125363,12,1,5,0,0,0,1,0.854067837,0.631548509
700,0,0,0,0,0,0,0,0,0,0,9,3,-0.770752493,-2.497391093,14,0,0,0,0,0,1,-1.386733718,-1.820384136
701,0,0,0,0,0,0,0,0,0,0,7,0,2.189470325,2.543641819,16,0,0,0,0,1,3,0.215825093,-1.101936696
702,0,0,0,0,0,0,0,0,0,0,8,0,2.534098081,2.945850246,9,1,3,0,0,0,1,-0.829481279,-0.766915204
703,0,0,0,0,0,0,0,0,0,0,4,9,1.500214813,0.934808112,13,0,0,1,2,0,3,0.723991148,1.621748065
